Year,Country,Maternal Mortality Rate ,Skilled Birth Attendants,Healthcare Access,Income Level,Education Level %,Maternal Health Services %,Contraceptive Prevalence %,Antenatal Care %,Health Expenditure %,Urbanization Rate %,Nutrition Level %,Sanitation Facilities %,Age of Mother,Birth Rate %,Female Literacy Rate %
2021,Poland,339,7766,274,5067,54,89,70,68,13.5117,39,21,70,35,6.677,53.604
2015,Argentina,1189,8324,175,64176,20,62,44,59,3.9461,51,27,62,50,5.58,87.707
2027,Sweden,1259,7119,226,24667,100,67,75,100,9.2532,61,19,65,26,6.129,45.209
2017,Russia,1040,8417,82,61523,41,56,99,48,12.0694,71,10,77,32,3.265,76.958
2027,Philippines,176,7122,159,77466,79,70,43,64,11.7782,65,28,77,20,6.169,47.596
2016,Indonesia,41,7562,310,60964,85,74,41,60,14.3831,32,35,60,17,3.423,46.831
2030,Philippines,270,246,397,19945,65,50,94,55,13.8079,80,46,72,14,4.341,63.359
2015,Indonesia,127,9997,251,9101,65,54,48,70,3.3289,46,49,74,28,5.895,82.876
2023,China,660,5938,195,97309,100,63,47,50,14.2941,39,21,82,19,4.703,89.654
2027,Peru,614,4113,409,63735,83,58,70,55,3.4045,86,14,81,25,6.733,54.614
2029,Russia,873,6927,283,48877,25,61,96,77,4.6248,90,31,76,45,2.408,69.008
2029,China,723,1437,80,52027,74,62,35,92,11.6835,38,33,62,27,6.969,69.256
2016,France,1134,5656,261,64711,42,97,39,72,10.075,38,35,85,19,4.826,45.408
2023,Japan,740,4240,126,95086,24,88,67,88,3.1032,34,10,80,21,4.455,85.502
2025,Portugal,820,1660,331,86228,86,69,87,84,10.2796,72,13,74,18,5.202,52.022
2024,Vietnam,941,8519,32,54946,55,57,34,74,3.5465,87,36,68,45,4.93,75.53
2018,Chile,947,6529,394,79629,15,56,61,45,14.902,37,49,66,19,2.314,70.039
2025,Sweden,885,2961,308,22554,97,55,41,68,13.8798,42,26,63,19,2.093,70.892
2020,China,557,4528,75,54244,48,76,44,46,10.8416,59,49,75,28,1.588,62.27
2015,Russia,377,1826,42,15894,32,54,100,100,13.3753,78,44,71,30,5.851,76.702
2018,Latvia,151,2552,223,62995,60,84,79,50,14.8095,44,19,75,14,1.597,59.289
2021,China,185,3662,31,94361,46,53,35,64,11.4236,60,43,71,50,5.424,41.366
2027,Indonesia,583,5427,371,15849,76,95,71,40,12.6037,58,43,78,33,2.704,72.934
2024,China,626,4979,301,41698,38,80,73,96,11.6562,41,22,71,47,6.488,41.638
2021,Nigeria,1162,2501,494,11357,47,82,44,96,5.4392,89,36,78,44,1.117,47.641
2025,Brazil,36,3322,13,57983,25,78,79,85,5.5025,34,47,70,27,6.288,51.344
2029,Portugal,554,4280,61,90392,96,74,90,94,14.0975,63,33,85,40,5.846,47.753
2021,Czech Republic,73,7004,447,95744,72,92,48,75,13.6639,90,22,60,18,4.65,64.489
2020,China,119,6784,286,65852,69,91,72,61,7.3848,81,34,89,41,2.985,82.749
2026,Russia,618,5953,385,76171,70,75,53,52,8.6183,36,43,78,23,1.651,42.831
2023,Macedonia,777,4633,17,97376,75,74,33,50,7.923,62,30,84,15,1.059,72.706
2021,Greece,254,9137,101,76042,59,74,44,62,8.2262,52,38,83,41,3.845,54.405
2016,Kenya,926,9589,298,7583,83,57,32,42,7.7032,85,34,76,42,3.7,66.678
2016,China,730,7887,426,92501,45,58,43,76,6.8749,73,14,64,50,3.979,55.691
2025,Tanzania,79,1898,382,17158,66,72,43,83,10.3244,42,17,84,15,3.973,84.868
2025,France,1183,8987,221,87977,31,86,78,50,8.2229,70,22,65,37,5.572,80.807
2016,Portugal,688,5477,326,78774,27,98,98,93,6.1914,78,49,65,43,5.445,70.694
2017,Peru,744,1679,244,6522,22,86,67,51,12.0429,90,25,68,25,1.071,66.182
2015,China,1057,7074,498,17702,57,52,82,97,14.5569,45,22,80,24,5.093,89.351
2021,China,615,9374,35,95852,85,73,33,47,5.6576,51,40,63,31,2.133,67.298
2021,Philippines,742,4971,167,55392,66,83,60,68,8.546,62,41,90,18,1.819,79.295
2024,Colombia,877,6739,27,58067,32,97,96,79,3.9614,83,26,75,21,3.754,69.143
2022,Indonesia,607,8135,16,56740,22,91,89,71,5.0605,83,39,81,17,3.657,75.5
2027,China,345,3797,152,41847,32,61,83,51,13.1629,72,25,84,28,6.475,86.275
2021,Greece,1291,2010,258,75554,92,65,74,54,3.936,90,31,75,31,4.623,46.163
2029,China,1237,2207,150,67976,23,55,46,74,4.4067,71,41,79,39,4.725,82.428
2020,United States,1154,5687,158,27863,87,77,31,48,10.9614,72,15,62,45,6.363,79.092
2015,France,1291,2946,70,40990,22,77,88,84,9.0689,54,41,77,20,2.31,78.791
2024,Mexico,989,130,258,37385,68,60,50,73,13.7254,76,23,82,43,3.039,77.752
2019,Sweden,644,4956,145,15622,15,56,32,53,9.768,44,50,63,13,5.014,66.965
2026,Indonesia,755,8229,248,59865,61,72,65,85,14.2604,76,23,62,44,2.085,78.258
2022,Poland,1246,7283,130,23385,28,86,69,78,13.0338,75,38,75,48,4.458,66.614
2022,Honduras,1040,3386,336,8718,90,74,78,95,8.6504,39,21,89,38,3.963,53.531
2024,Indonesia,267,8362,314,40359,26,66,60,86,6.1696,88,14,79,31,6.924,54.626
2021,Central African Republic,352,4724,47,18122,10,85,86,56,10.2357,37,13,61,43,3.009,69.588
2022,China,1077,7235,29,52480,63,64,60,51,13.4608,58,41,70,31,4.301,57.948
2029,China,1189,1596,359,59063,33,97,33,46,7.6237,58,28,62,49,3.71,71.698
2020,China,508,761,422,93575,81,99,82,74,12.9581,84,25,81,35,3.864,80.881
2020,Sweden,1192,2158,233,17553,35,73,67,87,14.285,90,25,74,19,2.294,66.617
2016,United States,1040,4144,458,39750,76,80,100,94,14.8236,69,33,71,13,5.589,44.919
2028,Bangladesh,542,3844,241,50959,28,91,60,71,8.7981,46,10,89,46,2.267,83.017
2018,Indonesia,107,6266,493,59706,92,77,32,96,10.7088,69,39,79,31,1.75,56.186
2029,Poland,6,5280,213,29153,11,91,52,96,13.992,59,33,67,31,1.363,81.571
2016,Indonesia,105,4500,453,90122,14,67,80,85,9.9518,51,21,87,29,2.732,64.999
2027,Indonesia,224,3278,23,69862,22,100,65,76,8.2594,83,19,71,33,5.58,73.037
2019,Czech Republic,46,117,230,79387,14,99,55,49,4.9736,69,35,82,43,2.103,68.593
2023,Argentina,1113,103,143,57520,29,96,34,100,7.4727,49,26,74,21,4.565,72.551
2015,China,1227,4832,132,57333,37,81,48,80,6.5601,79,24,73,19,1.27,48.279
2018,Mexico,1223,3712,498,64106,61,71,55,54,13.5131,53,13,80,16,4.94,60.583
2030,China,390,5563,441,95461,48,83,66,95,6.5697,55,45,77,48,2.459,46.971
2029,China,1300,5157,495,90545,82,66,44,58,12.1978,81,15,82,30,6.667,43.842
2029,Netherlands,794,9356,188,67585,41,86,82,85,14.6286,35,21,90,21,2.408,44.616
2028,Russia,1239,8025,358,9389,73,91,98,57,12.8145,34,35,65,46,3.542,47.016
2029,Indonesia,144,9826,473,95581,37,68,95,94,5.6044,55,24,83,15,2.444,70.262
2021,Bulgaria,992,9766,494,14478,18,63,59,77,10.0798,43,15,70,22,6.9,58.454
2021,France,280,3998,488,31395,20,51,64,99,11.4868,56,24,90,44,4.049,54.356
2019,Sweden,349,9536,495,9809,53,74,46,96,14.4531,59,34,65,30,4.43,46.963
2016,Ukraine,313,635,78,51515,33,71,54,53,14.0868,86,42,85,20,2.719,63.118
2029,China,51,4394,243,60202,97,50,90,98,8.5766,32,14,63,43,2.432,41.259
2018,Norway,1120,6454,282,69332,35,92,77,86,14.7012,52,33,67,34,4.36,57.11
2022,France,873,7509,346,7600,84,73,78,55,3.8527,42,23,79,26,1.359,70.201
2025,Russia,1125,346,164,26268,92,94,32,75,3.8034,63,15,84,38,2.439,77.887
2021,Ethiopia,87,771,403,25404,97,100,75,100,6.1527,47,30,89,45,2.092,44.038
2023,Indonesia,739,1232,375,55328,16,92,47,60,7.2437,42,44,65,48,5.698,82.073
2017,China,534,6227,346,11825,44,61,41,83,4.3308,86,16,65,24,4.794,54.483
2027,Russia,182,180,236,67500,12,64,44,68,4.8949,47,10,70,46,1.171,44.017
2022,Finland,1231,8938,297,47584,67,91,71,99,4.8515,63,39,63,43,6.391,69.133
2028,China,144,1724,257,87418,31,100,72,86,7.2231,36,18,81,17,3.031,60.214
2023,Nigeria,721,2291,66,30428,44,50,63,80,10.8263,80,18,84,31,4.805,80.762
2019,Latvia,555,1844,75,49948,96,90,93,47,10.4914,68,29,76,41,4.122,56.763
2028,China,1266,6427,391,52875,15,93,39,76,14.0076,69,26,78,16,6.373,59.537
2017,Monaco,537,5726,190,77720,81,88,35,47,3.4591,88,14,90,50,3.757,65.921
2022,Indonesia,243,677,103,20406,60,70,85,63,5.7113,88,31,88,38,6.544,70.846
2022,Russia,657,7743,46,11185,53,69,34,51,10.3872,31,27,90,46,5.061,85.027
2024,Benin,375,9105,431,69056,61,89,75,87,3.8042,65,24,90,35,6.032,47.758
2029,China,1118,7512,407,4066,22,94,91,83,10.8343,44,23,89,31,2.412,43.168
2025,China,881,767,58,35447,40,81,41,93,4.151,88,20,62,32,5.862,73.236
2017,Philippines,220,7229,161,28091,87,73,94,54,7.4516,44,24,83,31,2.809,79.617
2017,Poland,497,413,256,83226,39,99,89,44,9.3936,90,31,73,35,4.336,72.177
2020,Ireland,1033,161,73,89576,51,88,73,78,9.9571,42,15,82,14,6.344,63.103
2021,Brazil,1030,6214,258,43687,64,93,86,89,10.7458,67,35,75,29,4.711,87.384
2019,China,726,5851,500,86524,34,86,60,64,3.6567,62,26,76,29,6.15,70.463
2018,Latvia,720,523,208,45243,25,59,55,64,13.7189,76,14,64,35,5.265,40.748
2020,Indonesia,765,2407,39,29510,95,71,77,51,6.7936,76,30,70,30,6.487,41.728
2017,China,571,7445,185,50087,49,74,70,75,7.9015,86,15,80,27,6.839,67.877
2018,Indonesia,618,7926,28,26148,80,94,78,40,12.4312,64,25,85,31,6.091,66.155
2028,Brazil,672,7833,331,84443,64,59,80,56,13.5361,41,30,62,16,5.512,49.546
2016,Sweden,1255,8245,363,51214,75,68,57,61,5.613,57,30,85,48,1.855,49.718
2018,Norway,354,8461,357,72136,48,79,83,77,12.7526,36,31,68,32,4.053,41.276
2022,Saudi Arabia,427,3639,248,63199,26,90,61,87,12.9101,90,21,66,18,5.853,88.357
2027,Cuba,1048,619,288,25267,34,79,63,80,3.4268,89,46,73,20,2.485,75.083
2015,Argentina,185,4152,469,26127,55,100,67,63,4.5762,81,22,67,37,1.448,49.729
2016,Philippines,998,1122,103,16097,28,98,43,87,11.9293,63,36,87,19,4.73,40.959
2024,Ireland,245,753,75,61191,42,67,81,84,3.9008,60,13,66,36,1.996,43.571
2028,China,375,6575,493,34611,95,56,69,57,14.0857,64,29,71,19,5.033,61.775
2026,China,602,6657,478,14821,15,72,39,81,10.2531,78,26,70,28,3.257,84.477
2030,South Africa,567,9860,244,12169,68,52,51,55,10.0277,38,27,62,48,3.925,51.842
2029,China,101,2853,85,99032,96,83,72,87,4.9569,36,24,69,43,3.373,89.233
2030,Iran,377,5768,486,6571,91,64,47,99,10.4275,35,46,68,13,2.666,56.029
2023,China,125,6247,471,10123,51,96,85,61,7.506,76,32,81,38,1.055,68.708
2023,Venezuela,1235,3018,67,35721,78,73,98,75,7.4991,72,27,60,13,2.967,66.241
2016,Portugal,317,7635,25,5977,53,62,67,90,13.1608,41,50,62,29,4.428,49.546
2029,Cuba,995,6174,423,12356,40,71,87,68,3.2501,61,38,61,16,2.671,74.018
2024,Mexico,201,5919,137,65849,61,92,60,76,13.375,37,30,82,28,5.131,47.298
2018,France,51,8483,106,31685,39,91,31,52,6.5937,64,25,81,34,2.467,66.408
2024,Poland,932,3368,300,39697,35,56,41,43,3.8182,59,49,67,35,2.992,65.746
2016,Yemen,162,5637,462,88838,88,86,37,95,11.5599,49,19,73,13,4.148,78.548
2023,Thailand,156,1834,259,31108,78,63,38,67,7.6072,37,17,72,35,3.432,53.661
2022,China,260,560,139,60169,93,82,98,85,11.3819,72,10,73,28,3.994,63.365
2026,Indonesia,162,3515,121,62483,33,100,64,64,13.5044,60,45,74,14,6.766,70.583
2019,China,882,1988,269,56033,70,51,71,66,14.5379,45,45,86,21,5.77,82.117
2022,Peru,49,5356,179,14955,26,50,53,48,10.9566,73,39,69,17,1.029,69.765
2022,Indonesia,432,2797,261,5961,24,90,63,83,12.6606,45,13,87,36,1.228,66.276
2025,Kazakhstan,440,482,233,20808,99,77,89,46,10.5822,56,40,74,41,1.153,81.45
2022,Philippines,879,4049,460,53137,45,63,84,93,10.649,54,44,61,44,6.475,77.202
2022,Portugal,15,3416,428,85512,20,96,92,84,13.3871,31,17,81,15,4.733,64.748
2025,Japan,375,7921,51,93215,87,85,48,62,6.9439,47,14,72,22,6.963,72.977
2028,Russia,484,7147,236,20144,10,77,45,46,10.2565,34,19,60,16,3.402,77.167
2021,Peru,1145,3278,488,83735,19,84,66,65,14.1429,43,48,61,30,6.37,55.339
2019,China,85,9392,316,64639,58,66,63,50,3.5579,43,39,78,24,4.725,87.393
2017,Peru,1163,7967,112,25582,15,56,92,58,11.9594,65,44,60,39,1.055,83.312
2024,China,411,87,112,54162,77,60,94,92,3.4516,76,32,82,27,3.931,82.459
2024,Yemen,1245,5280,181,71090,57,93,55,79,5.0686,83,15,83,35,3.994,49.878
2015,Sweden,1122,2154,134,41221,52,100,91,40,13.8614,75,49,86,44,6.137,49.858
2019,China,71,8257,26,84841,87,79,33,58,7.5389,70,26,65,35,3.596,81.772
2017,Thailand,317,4322,174,97105,80,83,63,41,12.3885,44,41,60,46,4.956,75.54
2024,Spain,864,5166,239,94283,79,53,79,78,5.2408,41,20,73,18,1.59,50.392
2021,Argentina,900,8729,86,74767,57,74,89,45,10.2031,71,50,64,44,1.198,49.206
2026,China,1297,8430,30,37080,93,65,31,96,8.7176,44,49,71,27,2.393,50.812
2029,Suriname,984,9340,404,20025,14,65,91,63,6.5157,86,39,68,23,4.961,44.709
2021,Sweden,1023,2172,54,64268,63,75,55,86,10.3837,31,41,75,24,1.831,65.937
2026,Greece,272,6628,113,22567,38,83,78,88,11.4903,39,31,83,13,5.086,64.633
2030,Portugal,338,6649,308,43125,65,58,79,50,6.9107,84,35,77,40,1.197,42.75
2025,Kiribati,1289,7013,223,98734,15,64,59,48,5.2656,38,29,74,24,1.114,65.362
2025,United States,740,5121,138,97848,89,86,56,47,6.8747,47,20,68,46,6.18,86.225
2018,Portugal,968,9675,312,24406,32,53,33,55,13.781,38,17,66,33,5.824,80.938
2022,Kazakhstan,1131,4735,291,29305,72,78,95,87,9.4239,56,31,65,16,1.306,50.326
2018,Czech Republic,453,7945,222,73593,22,90,97,47,7.3701,42,50,66,35,5.416,69.012
2030,Kazakhstan,993,6699,34,47283,89,77,50,50,14.4387,51,44,82,32,4.803,86.277
2028,Sweden,1248,2232,102,20083,75,73,79,94,14.0103,33,31,68,50,6.472,60.874
2030,China,711,416,488,49843,87,91,32,57,7.2291,70,29,90,40,4.931,86.055
2020,China,874,4652,470,62098,45,55,78,92,9.9979,67,14,64,30,4.854,47.294
2022,Cameroon,1024,394,211,87212,11,65,41,57,9.0956,42,34,89,37,4.501,86.851
2027,Palestinian Territory,443,6490,129,3998,56,54,51,71,11.8601,59,49,76,36,3.68,81.346
2024,United States,988,4289,101,52007,73,76,93,56,13.3689,32,21,69,23,3.895,45.022
2019,France,1070,6349,267,86374,94,53,49,100,14.7537,72,26,66,31,1.794,85.738
2024,Cape Verde,447,8713,474,94685,22,82,72,59,8.0294,55,32,69,47,4.969,69.421
2023,China,1149,3290,480,72004,15,84,44,60,5.1849,83,46,61,38,1.099,55.422
2015,Israel,333,8347,346,75766,98,76,31,62,13.1136,45,49,65,43,5.867,86.018
2026,Canada,1061,9601,39,85975,28,59,71,80,10.0874,33,41,68,40,4.459,54.305
2023,Czech Republic,222,3395,27,42980,98,65,43,61,4.2513,81,41,64,28,6.464,46.54
2022,Indonesia,880,7825,420,92785,15,59,60,53,12.8181,67,26,79,48,3.139,41.647
2019,Philippines,371,2169,293,53827,100,96,30,84,4.44,44,41,72,43,2.197,78.367
2023,Portugal,491,1390,286,56923,89,91,98,54,7.8236,63,35,73,36,5.778,52.556
2015,China,598,2000,384,46730,72,80,80,77,11.1628,57,29,72,16,4.899,42.168
2030,Colombia,980,9757,292,14734,39,100,95,41,12.308,45,17,88,22,1.197,76.754
2016,Norway,732,6795,150,71490,29,55,76,76,13.2127,50,17,60,39,3.011,65.713
2021,Palestinian Territory,299,9301,142,5706,76,73,91,85,5.1847,54,20,67,50,2.859,45.786
2024,China,212,5908,146,46932,38,66,90,50,8.7372,65,14,81,37,6.573,82.446
2024,Vietnam,261,2271,309,18805,16,90,51,53,5.534,88,18,76,21,2.586,40.845
2020,Portugal,1174,6257,156,54281,11,64,43,52,14.5377,76,50,87,20,3.777,50.23
2016,China,1144,6113,81,23823,89,53,71,46,8.8646,59,39,71,25,1.235,52.449
2016,Palestinian Territory,936,7640,287,4802,50,88,55,94,11.6204,43,17,67,28,3.98,78.207
2024,Thailand,167,9591,373,23935,22,74,41,93,14.8172,84,45,60,27,5.612,48.249
2023,Bosnia and Herzegovina,619,3610,386,81729,56,60,50,50,13.065,44,31,65,39,4.847,43.926
2029,Indonesia,616,4438,469,3877,93,91,54,87,14.0965,82,14,71,45,3.631,42.423
2021,Ecuador,186,9703,407,70087,56,59,32,93,10.9723,51,38,65,48,6.368,78.134
2026,China,816,4605,415,1263,24,68,59,79,3.1362,36,36,61,49,1.14,43.05
2026,Indonesia,413,9568,170,70544,85,57,30,96,4.6807,32,17,63,26,4.947,44.883
2026,Indonesia,218,8289,231,87222,78,63,56,59,14.4631,44,17,65,19,5.69,77.677
2018,Vietnam,706,2250,267,18311,46,98,41,57,4.7858,32,41,63,48,2.111,50.027
2029,Croatia,268,2800,288,45817,89,88,49,92,8.7279,51,18,76,48,6.402,42.545
2028,China,894,1088,443,47767,11,80,44,93,7.9284,33,35,64,29,1.3,62.326
2029,Russia,1228,990,327,11704,15,74,45,81,4.104,44,21,77,37,2.455,89.969
2029,Brazil,491,6969,233,99507,58,63,31,87,10.1918,89,12,66,36,4.646,52.254
2025,Ukraine,423,2326,84,59863,60,72,67,62,8.6753,30,22,75,21,3.892,74.619
2029,China,1018,6039,170,97151,100,58,34,49,12.4977,33,43,66,33,3.856,88.205
2019,Indonesia,807,1631,342,36873,44,53,76,53,9.2397,83,37,82,28,2.865,80.291
2017,Honduras,686,4339,109,5096,60,50,75,98,5.1054,49,41,79,19,3.83,74.309
2024,Argentina,581,7443,452,97402,76,65,83,61,4.1063,44,37,89,21,3.053,52.769
2018,China,43,3197,323,8620,89,90,84,44,4.514,87,12,83,18,2.758,74.409
2028,China,387,3034,358,32161,49,57,62,84,9.6548,54,30,69,24,2.869,44.843
2018,Morocco,388,3821,256,52120,83,69,79,66,14.8437,78,15,66,37,5.489,79.476
2016,Thailand,565,7293,204,7749,24,95,50,75,7.9357,57,31,75,19,6.723,59.771
2020,Portugal,301,3248,497,95329,81,82,46,48,4.4692,81,48,67,23,6.587,77.553
2021,France,1143,9687,256,84331,90,62,95,78,3.7685,46,38,77,22,3.471,75.509
2022,Ukraine,684,6620,207,39006,44,87,74,56,5.618,61,43,81,39,5.799,75.816
2017,Central African Republic,861,2625,75,40472,46,59,75,64,13.4897,67,13,65,39,1.846,73.931
2029,Indonesia,723,5857,262,37327,81,72,35,70,8.4354,51,16,67,21,1.152,51.776
2019,Portugal,1143,2374,342,7000,54,52,58,49,8.7907,83,13,63,31,6.645,42.151
2018,China,1223,3987,179,77482,95,87,80,48,8.057,53,18,79,48,1.465,46.492
2018,China,601,5198,297,4462,48,98,97,63,13.2175,31,24,81,24,4.637,71.589
2017,Philippines,729,5176,455,95647,18,55,35,76,5.9756,41,25,73,25,2.854,87.715
2015,Philippines,800,6630,17,98772,15,81,97,58,9.673,49,14,61,14,3.757,75.306
2023,Philippines,548,7044,339,23404,91,78,43,43,12.0422,83,15,76,14,5.41,44.039
2023,Tanzania,797,4555,492,16434,41,56,97,94,6.4675,38,13,87,48,5.966,70.076
2024,Madagascar,361,5889,289,42892,61,75,77,85,9.9031,86,38,79,15,2.548,41.031
2020,Cuba,530,5079,176,68178,57,61,83,87,4.8411,88,32,78,27,4.139,59.716
2023,France,669,843,69,46738,60,57,42,83,7.0498,62,34,72,29,2.193,59.164
2016,Philippines,439,6234,83,87227,55,96,62,80,5.4968,58,27,71,46,1.084,67.556
2029,Israel,984,1146,250,30017,88,57,45,52,5.5941,81,19,73,32,1.393,59.984
2030,Colombia,423,7894,395,88550,88,85,48,49,4.9686,34,26,81,19,6.022,83.573
2020,Indonesia,926,2217,356,58015,57,55,70,89,10.2162,40,41,76,16,2.104,77.344
2018,Belarus,567,2743,312,55241,57,67,92,42,13.2126,41,35,87,26,5.487,59.6
2015,China,1218,4873,306,52131,74,51,45,100,12.3286,45,15,72,41,2.097,75.229
2019,Poland,1056,2866,145,65358,25,93,81,96,7.1902,69,50,68,31,6.529,75.72
2024,China,564,7857,287,90922,51,93,70,40,7.4788,41,26,85,49,6.622,64.177
2023,Philippines,319,3245,30,64686,78,59,31,55,6.2251,74,21,68,31,3.695,87.013
2021,Colombia,1088,5124,258,21734,16,83,82,58,9.2687,66,19,60,16,5.532,51.924
2015,Colombia,818,2755,315,95601,82,97,98,79,13.6602,33,32,61,27,3.878,53.5
2029,Guatemala,987,1965,213,24264,11,82,94,63,7.7857,55,41,84,24,5.443,42.391
2019,Brazil,122,5332,320,11234,22,57,62,82,6.2557,45,24,65,38,6.455,72.357
2030,China,3,4664,442,5852,36,90,35,71,14.1381,65,34,66,34,1.585,67.871
2019,Brazil,740,6917,78,8606,24,66,77,88,11.125,55,22,81,17,6.277,80.107
2022,Yemen,258,1082,37,59978,100,82,59,84,13.4624,89,13,89,24,5.607,81.568
2021,Brazil,770,582,220,74524,83,86,88,58,5.1823,45,33,73,24,4.118,54.491
2018,France,860,8639,434,73975,89,63,99,98,14.0555,90,26,81,31,5.815,84.525
2024,Indonesia,204,8203,101,48545,10,97,39,89,5.1837,50,26,70,27,6.506,85.999
2029,Russia,1286,3555,239,41403,18,99,84,47,6.4979,73,27,73,32,5.128,78.745
2018,Philippines,523,7463,124,79633,24,63,62,100,5.4449,62,34,80,43,2.14,76.443
2016,Indonesia,117,152,216,86616,47,98,86,92,14.0762,51,33,72,24,4.49,72.683
2029,Philippines,1283,6142,67,30135,25,97,40,54,3.6254,33,11,60,35,2.388,57.125
2017,Russia,551,8772,263,65727,47,63,72,88,5.4677,39,50,90,36,1.769,50.2
2026,Russia,719,9792,96,27624,81,82,100,48,8.3001,50,11,71,41,1.289,71.168
2028,Chile,473,8931,254,89724,52,67,69,87,6.336,66,46,85,15,4.846,89.413
2017,Honduras,1101,421,153,33023,88,86,60,65,6.2208,41,11,66,16,5.586,63.014
2024,Canada,724,9837,224,48054,76,73,50,60,13.5643,83,45,76,46,5.578,45.214
2025,Norway,984,9676,142,13035,90,96,76,83,14.5328,45,30,84,48,1.254,68.53
2021,Indonesia,301,8752,357,68497,18,98,45,90,9.1276,87,50,62,46,1.715,88.235
2026,Indonesia,382,6455,119,6703,19,83,71,92,13.2135,61,12,75,29,1.142,52.89
2021,China,908,7723,379,94848,16,79,76,84,3.8527,74,22,88,50,6.067,86.862
2017,Ethiopia,435,8852,239,41699,28,61,54,91,13.6472,75,16,89,33,6.701,70.582
2028,China,1068,2799,481,89060,94,71,55,73,5.0673,50,18,84,18,6.097,46.219
2025,United States,174,4820,431,42537,50,65,38,75,10.2734,63,19,73,37,3.354,43.838
2017,Russia,159,1926,98,5678,63,72,67,74,9.1888,77,31,61,37,4.485,69.594
2019,Poland,646,4613,88,8655,19,88,53,68,12.8341,45,44,84,32,4.167,78.01
2028,Ivory Coast,867,1864,301,51482,37,51,75,62,11.324,44,25,90,19,4.715,53.979
2022,Sweden,974,1365,176,98750,95,68,55,62,9.6229,61,41,80,45,6.499,59.201
2025,Azerbaijan,881,5920,263,75441,56,51,39,83,3.8715,34,47,86,35,5.244,67.811
2020,China,313,6544,401,72799,97,63,69,51,3.3387,47,20,89,44,3.464,80.823
2019,Russia,99,4289,330,88669,26,63,44,84,8.7863,88,27,77,14,1.163,76.735
2021,Australia,363,288,333,82482,41,50,98,58,6.3246,76,14,61,30,2.967,60.216
2030,China,404,2055,319,11840,58,82,51,89,4.3865,39,48,71,25,5.075,82.199
2020,Portugal,1260,9825,427,83013,96,56,56,96,3.6189,38,18,67,30,5.865,54.074
2025,Philippines,560,3562,231,18745,55,73,65,84,13.3711,50,20,64,32,6.913,57.448
2029,Yemen,1009,4168,122,40499,63,75,52,42,13.5569,31,22,65,30,2.951,40.022
2019,China,607,8526,471,61301,30,57,87,87,5.4895,82,18,77,26,2.751,48.973
2017,Finland,561,4979,93,75590,68,88,80,59,4.9864,32,47,68,39,6.309,52.191
2018,Philippines,1259,5599,351,20290,56,67,81,59,10.5029,88,16,62,16,4.927,89.496
2020,Brazil,713,5633,94,59987,77,54,41,46,13.8123,80,44,80,18,1.429,71.542
2024,Egypt,173,9734,284,64076,88,68,64,87,10.9025,45,33,89,43,2.34,83.389
2023,China,664,8480,325,1660,76,80,47,65,10.9747,67,41,75,48,4.266,79.776
2015,Argentina,1034,5976,22,28307,98,87,82,48,13.2114,77,42,76,48,6.905,70.475
2025,Philippines,562,9192,315,3626,54,99,96,48,4.2589,86,13,70,40,5.689,42.421
2018,Luxembourg,391,7611,233,57148,25,61,81,79,10.3646,55,30,72,29,1.332,71.774
2029,Argentina,1035,4278,355,69105,69,73,58,85,8.1625,68,43,81,13,5.958,74.475
2025,Ukraine,914,3850,111,85407,12,59,87,51,9.5569,32,22,61,18,3.808,87.807
2022,Indonesia,601,3159,96,15620,93,54,62,91,13.7759,59,44,81,42,1.353,67.235
2020,Indonesia,843,9810,52,49786,42,61,92,46,8.0106,58,28,68,40,6.461,69.563
2029,Egypt,131,61,205,82606,57,83,87,54,14.9819,52,10,89,21,5.484,75.474
2018,Mexico,604,529,378,43619,19,97,54,96,10.7558,60,40,61,32,3.16,73.209
2022,Sri Lanka,20,7589,176,42882,75,79,73,83,11.9657,53,36,82,30,1.473,49.165
2015,Tunisia,664,4912,316,67692,44,63,45,49,6.0987,66,35,65,16,3.746,76.679
2021,United States,562,533,474,73386,19,93,63,68,3.5561,49,11,90,49,2.811,71.114
2020,Indonesia,377,4883,78,51126,73,78,35,87,11.9313,31,28,71,25,6.77,50.199
2025,Poland,342,1490,206,34933,66,94,60,90,12.3789,42,48,84,16,6.183,65.024
2015,United States,534,4309,169,1938,96,88,94,49,4.0441,82,20,85,49,2.67,78.223
2029,Malaysia,111,3622,491,62934,52,81,41,90,7.3818,42,47,75,50,5.547,47.206
2030,Nicaragua,705,7781,351,65673,68,72,95,76,8.9192,69,27,87,32,4.662,78.594
2022,China,501,4750,21,96156,67,58,62,82,8.7433,65,33,90,16,3.33,54.14
2017,Argentina,247,5987,446,97807,52,74,61,90,8.0574,82,11,67,35,5.649,58.809
2026,Argentina,1222,9198,230,91633,39,74,80,72,6.7802,76,48,61,18,6.978,68.842
2021,Indonesia,6,2102,492,38548,25,60,76,59,10.5122,63,35,62,39,6.592,42.484
2022,Russia,718,6734,177,8480,13,65,97,51,7.5444,85,36,81,39,2.561,82.319
2020,Armenia,437,962,370,2051,14,65,74,71,9.5755,77,13,85,43,2.993,52.571
2028,China,521,9477,212,19575,93,73,36,57,4.3365,69,46,65,50,2.703,62.473
2019,China,298,6746,255,69076,92,88,98,65,4.3599,54,26,90,43,5.269,71.668
2027,Philippines,986,6549,83,27981,88,90,40,93,8.549,81,47,62,46,4.346,80.536
2027,Republic of the Congo,197,4705,109,69394,42,60,39,62,12.3981,43,18,74,47,4.337,77.916
2026,Indonesia,1300,1292,222,90892,61,72,58,72,10.4889,67,13,88,48,4.461,45.496
2024,Ireland,1197,6356,330,28674,85,73,88,65,8.595,84,30,61,50,4.63,71.442
2019,Indonesia,273,8029,105,85667,96,54,79,44,12.2051,46,29,66,21,2.247,48.744
2025,United States,1260,126,255,30984,87,51,98,67,14.1361,34,27,80,41,1.209,89.727
2027,Philippines,82,5136,397,79128,100,62,41,91,6.2335,89,32,88,47,2.778,45.037
2022,United States,619,9384,146,15894,47,84,68,43,6.7149,51,40,63,31,5.862,43.105
2020,Brazil,820,7067,352,96869,70,72,65,45,13.4736,48,35,78,42,5.82,51.137
2024,Sweden,27,5214,334,38953,53,50,33,83,6.2141,45,12,90,25,6.607,51.044
2030,Cuba,70,5441,128,68047,97,57,69,49,11.7084,88,49,63,25,4.995,51.885
2030,Indonesia,1177,5961,259,44915,95,53,59,64,11.3276,77,45,89,37,1.254,52.327
2022,Nigeria,820,5959,136,28539,19,95,75,46,5.2486,56,42,60,35,3.422,71.833
2029,Chad,212,3361,471,87750,20,56,52,90,12.3851,36,34,79,24,1.503,44.946
2017,Malaysia,1283,9875,375,97331,81,77,50,44,6.078,58,33,71,50,4.525,68.713
2029,Indonesia,134,6547,364,9743,32,82,65,48,10.4314,88,44,70,14,3.436,79.51
2017,Uganda,773,4000,188,13067,56,73,38,41,8.7876,50,32,73,38,4.53,86.653
2022,Colombia,853,575,304,5590,33,59,58,59,13.9106,85,36,74,42,3.182,53.599
2019,China,1274,2040,345,19004,39,81,94,62,6.9584,84,29,65,39,4.846,80.142
2020,Poland,22,746,278,20207,30,97,35,40,12.831,89,22,71,17,1.509,83.103
2028,Greece,313,5362,227,32486,95,52,46,63,4.9664,44,27,77,33,2.986,81.938
2018,Iraq,1243,7965,84,59776,28,65,53,85,6.8302,85,26,62,27,1.516,51.133
2030,Georgia,95,9811,358,99506,16,73,49,61,14.9601,35,10,82,47,2.404,85.465
2028,Poland,954,1065,22,79793,59,96,35,72,6.0477,55,33,90,13,3.626,89.756
2017,Greece,1084,6257,66,91602,77,68,93,89,13.0458,78,14,87,14,5.131,87.224
2024,Philippines,249,4734,291,1054,48,56,42,40,11.7619,77,47,64,30,4.617,88.437
2017,Indonesia,894,9422,158,38034,52,50,88,90,11.0685,45,45,69,43,3.503,46.742
2030,Portugal,1068,5986,441,96710,94,91,35,97,6.9427,41,12,75,39,6.876,47.379
2018,China,1067,2970,146,76683,71,79,65,56,6.9193,31,39,64,25,6.619,84.545
2030,Central African Republic,362,474,30,87792,13,84,46,100,13.1238,83,35,79,38,3.223,86.157
2020,Indonesia,272,3292,492,29945,57,50,64,58,9.7256,83,22,77,40,1.111,64.923
2022,Greece,805,443,286,81048,91,96,85,56,11.8244,72,44,73,27,4.677,54.613
2015,Indonesia,1209,3520,229,70299,78,99,43,70,8.1856,80,47,86,46,6.086,79.024
2017,Ukraine,1104,194,326,33917,11,90,88,49,9.7611,42,50,66,40,4.847,85.794
2027,Pakistan,726,3392,219,16356,63,80,100,93,10.0937,85,19,88,32,5.874,85.45
2023,Argentina,933,3611,164,43108,28,71,92,92,6.7846,55,13,68,28,2.518,68.134
2023,Poland,1220,7344,347,90948,49,52,64,88,10.6759,46,14,74,46,1.318,56.471
2023,Russia,1001,9831,255,62376,98,86,53,96,9.4273,75,48,74,23,4.755,47.923
2016,Bolivia,1114,7486,323,11093,87,51,72,83,3.4918,33,43,82,45,6.72,83.792
2028,China,562,2132,326,41795,87,98,32,81,10.3875,68,28,63,22,5.037,47.66
2018,Brazil,1229,6455,159,39440,77,61,97,47,10.8615,34,40,69,21,2.412,89.271
2022,United States,120,9421,362,7934,54,84,75,79,11.5494,60,23,70,47,4.564,69.801
2018,France,977,6625,109,57717,10,96,76,61,13.1213,55,14,75,24,2.821,48.239
2017,New Caledonia,1180,9056,467,14636,97,98,81,77,6.3042,57,27,70,33,5.823,77.213
2023,Gambia,263,4186,494,78885,41,68,36,68,4.6386,67,49,62,30,6.147,77.824
2028,Russia,180,3463,397,56337,85,95,83,77,11.2047,49,46,87,30,3.407,41.124
2026,China,168,9644,79,14312,49,81,64,53,13.0364,52,41,65,44,4.529,64.348
2019,Russia,653,885,15,8972,94,70,59,61,13.3412,49,27,77,20,6.315,72.649
2024,Brazil,793,5402,271,45082,97,62,100,58,9.7523,61,24,62,50,2.261,55.293
2016,China,745,4018,210,12532,56,84,69,54,8.3197,65,17,84,18,3.38,83.003
2015,Ireland,50,5630,20,81166,81,73,78,78,6.7023,31,26,86,18,1.121,77.956
2030,Philippines,1262,587,137,74333,29,53,43,95,5.3356,79,48,77,31,1.494,79.024
2016,Argentina,241,8175,270,49926,99,72,37,78,11.2926,77,34,74,17,1.05,45.067
2015,Brazil,730,9046,91,82092,62,54,46,47,9.3841,87,15,69,46,1.987,40.434
2024,Russia,1113,9562,136,26323,55,70,85,53,5.104,72,28,65,17,5.9,45.774
2015,China,866,8660,288,46633,74,57,51,81,4.1535,74,20,82,34,4.555,41.92
2018,Indonesia,929,5805,302,11326,18,100,65,63,10.2795,77,45,86,21,3.376,59.436
2021,China,1077,4240,69,47720,67,62,32,59,4.3225,50,17,86,22,3.764,52.606
2016,Indonesia,1074,6365,37,22175,37,67,55,87,11.5946,86,34,68,46,1.821,71.952
2021,Indonesia,625,4641,215,83503,23,90,99,55,7.5749,79,12,89,26,2.618,76.365
2015,China,382,6685,268,83203,88,79,77,90,13.7398,45,40,82,26,3.465,47.451
2023,Armenia,545,1500,74,73575,10,100,74,94,3.0997,83,45,74,28,6.324,67.074
2022,Tajikistan,365,8245,308,3009,19,52,48,82,6.4197,81,50,83,41,6.06,86.884
2029,China,1196,5101,428,41672,61,81,60,56,11.4809,85,13,89,44,5.29,76.904
2016,Brazil,273,2019,83,18234,35,70,30,74,14.2062,60,33,83,19,2.42,53.386
2026,Portugal,817,4929,446,8050,85,61,93,86,12.2702,45,35,71,28,2.297,81.99
2018,Russia,358,4686,27,7930,33,82,67,79,10.3322,79,23,74,20,4.971,74.456
2029,Indonesia,384,9129,231,24909,44,97,99,42,4.0848,42,39,87,20,2.23,63.586
2027,Sweden,1286,270,285,69873,11,69,64,47,5.4593,86,50,62,50,1.105,81.125
2015,Mexico,810,3751,219,25562,27,55,95,56,5.2804,84,32,68,49,4.678,64.831
2023,El Salvador,446,7262,356,19011,68,52,60,67,8.8536,63,14,72,36,3.345,56.375
2026,Nigeria,1111,4092,498,3786,100,69,90,40,6.25,82,14,82,50,5.708,60.473
2026,Bosnia and Herzegovina,47,7574,274,59380,32,75,80,62,13.6438,30,29,67,42,5.546,74.796
2023,Brazil,350,189,255,80999,19,60,85,81,7.2379,39,12,80,26,1.117,64.113
2022,Jordan,449,776,151,60881,74,85,90,53,7.4055,36,15,71,41,6.96,41.992
2025,Thailand,795,2171,72,58276,37,91,89,56,5.3513,75,14,73,33,5.162,45.56
2030,Moldova,1250,8628,157,49949,100,57,95,94,6.1283,64,47,63,46,3.899,78.667
2025,Moldova,228,2764,483,15762,51,92,82,62,3.7637,33,11,73,22,3.24,63.232
2017,Bolivia,996,7157,290,85545,72,97,73,97,9.4296,37,45,66,49,2.721,45.521
2015,Yemen,1269,2131,226,87525,50,98,86,93,7.1946,33,38,71,40,4.219,80.116
2029,Indonesia,147,809,226,82814,80,59,90,97,11.7174,52,49,90,46,5.248,88.736
2015,Armenia,1139,6542,218,38532,44,78,81,57,4.8023,59,33,72,50,3.054,62.841
2029,France,532,2436,440,38263,48,66,42,49,8.8488,59,28,72,21,1.323,79.246
2021,Sweden,191,5704,48,7020,41,61,31,96,10.8735,90,12,84,21,5.439,49.808
2018,Sweden,1086,4375,297,92477,82,71,83,69,6.4462,46,26,73,39,5.155,86.198
2015,France,150,2390,88,2471,93,61,67,60,5.3774,75,21,67,24,3.267,88.012
2029,Russia,144,9291,330,46821,44,58,58,89,9.5367,78,19,88,32,1.923,70.916
2019,Portugal,385,8590,360,46572,48,98,72,72,14.3836,46,13,89,16,5.224,49.328
2024,Argentina,433,9247,394,66407,77,65,94,56,9.0658,75,21,65,49,1.839,60.025
2018,China,652,511,152,8493,62,51,41,84,5.8549,70,50,68,22,4.408,52.516
2022,Philippines,683,9359,191,20015,71,59,97,61,3.8621,66,16,76,41,6.861,56.711
2030,Indonesia,881,4159,426,13207,81,61,96,82,4.2905,84,22,61,24,4.485,49.31
2018,Malta,155,1502,389,85546,21,89,69,75,13.0403,67,50,79,20,6.584,62.499
2026,Brazil,1185,8871,32,34023,74,91,95,66,9.7075,63,13,84,28,3.117,68.862
2023,Thailand,1014,3744,163,75776,63,54,52,82,14.8527,51,12,88,34,6.012,77.093
2023,Philippines,625,6293,246,74245,27,54,75,54,11.8975,61,21,86,38,2.871,51.361
2021,China,663,6878,60,10770,17,76,96,69,7.0907,79,47,88,16,1.536,48.281
2028,Portugal,1171,615,21,32933,61,68,57,61,14.5893,36,36,71,20,6.422,82.726
2022,Russia,1279,8073,432,42453,78,55,52,84,8.7155,39,44,83,49,5.264,63.88
2021,Vietnam,715,6982,480,54464,75,93,77,54,12.8846,71,16,64,14,3.181,88.782
2024,Philippines,686,8185,125,63783,20,69,88,90,11.9526,40,10,64,26,3.242,78.355
2021,Argentina,475,3894,325,34074,78,99,45,94,14.2229,78,11,72,44,4.405,47.886
2029,Philippines,1156,4173,255,29787,81,85,43,49,9.2965,53,12,75,22,2.328,75.859
2016,Philippines,486,2385,426,43664,56,95,53,53,13.8549,74,27,77,45,5.368,54.66
2029,Colombia,1101,4214,483,8628,35,80,74,57,13.2376,45,28,60,40,2.823,81.073
2020,China,1197,600,463,49603,99,74,73,80,9.9737,51,12,72,42,4.836,74.499
2029,Czech Republic,228,6478,229,76302,67,82,53,58,8.1834,68,32,89,21,4.912,84.188
2016,Indonesia,1104,9303,438,6116,39,79,81,44,9.0138,34,10,87,39,3.376,80.804
2022,Indonesia,200,3398,140,17250,56,55,30,94,5.943,43,48,80,39,2.499,45.038
2021,Macedonia,442,229,317,19659,62,79,78,88,6.5042,74,24,86,21,1.918,72.24
2025,Botswana,962,2477,169,9125,29,96,93,80,13.9765,54,33,71,44,1.873,82.311
2026,China,918,2383,495,78838,97,96,46,96,3.5882,38,39,61,19,6.47,58.898
2017,Indonesia,38,3620,158,52197,11,61,36,60,7.8494,63,49,73,31,4.973,55.167
2024,China,298,6335,409,74340,71,91,60,71,3.2166,63,34,66,44,2.88,59.621
2026,Indonesia,461,1983,494,4817,13,56,97,57,7.8312,65,33,87,32,6.007,67.5
2019,Greece,1183,4524,399,70681,36,60,52,74,13.8782,45,15,60,27,2.909,43.099
2030,China,1129,2665,306,82196,10,60,64,64,14.2722,71,14,84,29,4.098,47.436
2026,Poland,261,2379,348,28698,23,87,31,89,7.0675,62,37,71,34,3.35,83.572
2029,Gambia,7,4437,437,9595,54,62,34,55,7.6698,55,30,72,37,5.027,67.912
2020,Indonesia,157,1374,329,61045,74,64,87,76,10.0664,32,21,60,47,2.348,61.972
2015,Nigeria,403,2420,374,37603,65,80,61,76,14.4768,51,34,81,16,2.155,89.603
2025,Guatemala,886,1362,295,91452,88,60,47,86,14.624,73,18,77,41,1.266,63.192
2018,Peru,176,6818,377,58464,75,91,93,74,6.3865,64,45,69,23,3.989,43.103
2022,Japan,760,6664,19,38026,14,75,33,80,12.2609,44,38,72,34,6.631,58.848
2024,Finland,90,7170,186,5068,50,61,82,55,3.3643,88,15,71,29,6.56,83.295
2027,China,1117,2331,474,82988,80,68,51,46,5.7812,48,50,66,20,5.271,46.926
2016,Netherlands,685,8411,456,23063,86,92,83,100,4.7892,59,29,71,49,5.833,61.568
2016,Vietnam,829,5236,28,25265,63,56,32,68,6.1997,50,47,75,16,5.017,47.309
2027,China,964,2829,361,29066,73,67,65,89,12.1091,88,35,66,20,5.626,75.334
2027,Italy,504,9655,264,26091,68,87,73,78,10.5276,41,42,84,34,2.186,67.142
2021,Colombia,509,9916,143,5341,93,61,47,45,11.5936,56,15,80,25,5.875,54.338
2030,Philippines,208,7200,300,74662,93,75,75,78,10.0761,46,16,80,34,1.865,61.68
2019,China,575,9650,424,21136,37,94,54,78,10.255,45,24,73,36,6.103,87.836
2029,China,707,9612,183,79975,96,91,36,91,13.6059,81,28,79,49,4.914,73.194
2017,China,839,1148,200,22910,70,55,90,50,8.1249,66,35,78,42,6.629,74.657
2015,Hong Kong,146,6885,194,96062,49,65,97,93,4.6579,33,50,83,37,4.129,76.605
2024,Sierra Leone,718,8689,39,8908,87,84,88,50,13.4028,56,27,66,34,5.226,52.234
2026,United States,1143,3373,142,76308,68,67,88,94,13.2084,71,23,82,23,2.121,77.221
2016,United States,79,2073,240,32617,87,67,90,84,12.4286,40,15,84,36,4.886,69.185
2020,Finland,592,9442,313,71105,12,56,91,40,7.8626,35,13,61,33,4.576,73.457
2029,Canada,1060,9411,316,92819,52,74,39,57,8.9972,85,31,66,29,2.965,50.807
2026,Sweden,990,6775,422,37854,68,74,32,57,4.6131,37,30,90,26,6.84,63.793
2030,China,59,4010,199,98891,100,82,97,83,10.502,30,25,66,50,1.23,74.718
2025,China,589,2035,50,39869,73,88,97,74,11.1718,35,27,76,21,4.743,73.701
2029,China,158,353,39,35782,16,100,49,72,11.3372,66,46,86,42,4.095,43.724
2025,Serbia,657,285,309,75718,24,65,92,70,13.4238,30,20,86,32,3.894,58.796
2023,Malaysia,658,714,250,46617,56,97,81,98,9.4729,73,14,76,43,2.719,73.223
2028,Ukraine,1300,5464,467,1373,32,90,100,78,12.4123,89,42,68,49,5.218,77.724
2028,Zambia,1088,4107,409,38260,33,72,68,74,14.1907,38,33,74,24,5.509,58.138
2028,Albania,769,9241,268,42861,35,100,41,45,7.6996,42,15,83,45,1.768,82.999
2022,Moldova,364,3154,282,86560,82,58,67,78,4.2791,43,17,74,20,2.735,41.976
2025,Mexico,1018,5991,241,89291,19,86,54,58,14.0163,65,35,80,33,1.582,61.166
2023,Jordan,323,5743,370,71284,85,96,92,98,3.359,61,28,85,40,4.803,87.793
2015,Ukraine,464,9220,358,47667,88,50,58,79,4.3592,31,34,87,41,4.805,50.592
2017,Portugal,375,1468,231,13368,40,62,34,87,8.9489,90,22,90,49,1.002,87.465
2016,Kazakhstan,951,2934,98,89993,58,54,51,79,4.7423,75,32,62,34,1.947,70.687
2022,Philippines,891,7632,344,83910,30,55,68,85,3.4248,77,28,82,39,4.433,76.548
2016,Indonesia,1050,580,122,25250,53,60,81,80,9.7747,48,16,80,29,3.741,66.627
2027,Indonesia,610,1921,105,95438,58,88,60,80,5.7582,64,34,89,34,5.137,62.492
2025,Thailand,341,8329,284,15069,45,65,45,98,5.0675,89,27,74,23,3.042,88.743
2028,Iran,1123,9230,343,31323,20,70,73,59,4.2143,55,45,69,33,1.188,53.649
2026,Indonesia,1109,8430,303,86340,40,50,63,48,10.17,34,22,79,21,3.326,82.542
2030,China,1073,9432,301,77334,51,55,33,94,3.5747,53,15,82,48,3.52,80.401
2028,Ecuador,939,4834,45,21427,50,97,63,71,9.773,84,27,67,20,2.186,85.193
2023,Canada,513,8283,467,72499,46,100,78,91,13.5565,41,39,74,17,6.662,51.159
2015,Indonesia,866,744,52,59375,64,52,66,76,7.8595,81,33,65,28,6.216,67.212
2026,Czech Republic,631,2713,445,43257,78,91,87,97,7.2264,64,37,77,34,1.363,42.883
2015,Syria,812,3589,54,73133,49,80,64,44,13.2613,74,25,85,40,6.834,69.259
2023,Portugal,792,7220,191,72948,73,51,36,51,10.3224,58,11,65,30,4.827,43.925
2028,Indonesia,1255,7795,434,96216,48,73,45,57,8.2468,47,16,78,43,3.754,57.91
2022,Canada,1183,8962,250,73963,70,88,80,43,10.688,74,31,82,39,1.019,82.221
2026,Armenia,317,9519,54,40746,24,56,38,82,5.2479,63,23,73,33,4.992,57.445
2028,China,896,8828,239,34705,43,53,42,77,6.0423,42,42,86,46,5.752,51.706
2028,Bosnia and Herzegovina,33,2286,37,14605,49,51,46,48,10.4719,60,46,81,27,3.477,87.592
2028,Netherlands,645,374,217,33184,30,58,50,81,12.4564,39,39,89,14,5.453,60.681
2018,Serbia,1063,5722,363,9252,60,78,89,45,7.2099,66,31,86,20,5.384,64.294
2022,Russia,1250,521,88,21296,35,93,47,61,8.6107,87,19,68,38,3.142,43.227
2029,Brazil,561,8609,320,59338,97,85,56,65,5.1149,31,12,80,43,2.113,69.431
2028,Indonesia,1221,7639,57,37840,26,94,78,64,11.5477,37,25,62,48,6.465,41.62
2028,France,633,8315,496,34252,100,51,32,43,11.8009,72,45,66,29,2.535,85.635
2018,Sri Lanka,265,7301,412,5110,50,93,38,47,11.3865,69,33,61,21,1.883,77.77
2029,Hong Kong,613,9588,355,33848,30,92,99,56,9.7194,54,42,74,34,2.15,50.569
2016,Russia,577,5619,486,38650,68,88,82,81,11.4471,33,49,75,21,2.932,85.496
2028,China,794,3219,446,32292,90,68,49,50,14.5155,64,49,63,41,5.657,48.296
2020,Czech Republic,607,8836,406,77759,68,67,41,57,8.3112,60,25,83,18,6.3,64.374
2029,Honduras,491,9448,243,65922,90,82,52,65,8.7536,77,10,81,50,6.632,70.999
2029,China,581,9476,223,15679,90,92,46,67,11.2903,88,48,67,43,2.186,77.592
2015,Poland,536,692,316,73157,100,78,78,51,3.3628,34,43,77,43,5.109,44.333
2028,China,90,498,299,8726,31,79,39,87,7.2518,67,49,74,49,1.547,86.33
2025,Russia,143,3839,398,80814,39,93,48,65,5.5612,86,35,76,33,2.698,56.523
2025,Indonesia,1290,2758,198,97204,72,83,66,50,4.0605,84,39,86,21,2.004,66.134
2030,Dominican Republic,167,1965,401,75258,75,77,97,88,14.6082,55,11,72,18,2.865,56.679
2026,Russia,541,8260,107,29677,67,75,39,48,4.4392,88,36,71,37,1.444,47.618
2015,Sweden,196,7358,336,30056,14,88,65,53,12.4877,73,50,71,33,4.604,65.131
2028,Dominican Republic,236,9504,285,86931,72,97,82,64,11.4995,79,43,79,28,5.206,86.436
2020,Honduras,252,7037,87,40141,82,94,100,83,6.0934,62,38,77,50,2.782,45.195
2027,Indonesia,306,9731,278,65238,42,63,83,90,4.583,82,20,80,31,3.804,53.994
2021,Colombia,677,3778,358,51203,83,60,93,80,9.6434,74,12,76,34,6.31,47.532
2022,China,94,206,131,91107,19,52,57,41,5.8047,58,32,85,16,5.623,89.672
2023,Colombia,124,709,304,76288,85,85,99,73,7.6686,58,45,80,35,5.313,59.851
2024,China,496,604,100,94676,15,92,36,72,8.175,75,31,67,36,5.527,77.378
2017,Iran,516,6974,270,25316,36,72,64,73,3.921,68,12,88,23,5.049,55.442
2023,South Africa,74,124,308,83313,78,81,44,66,9.9059,88,43,72,15,6.428,61.512
