Year,Country,Infant Mortality Rate %,Healthcare Access %,Income Level,Education Level %,Vaccination Rate %,Antenatal Care %,Health Expenditure %,Urbanization Rate %,Nutrition Level %,Sanitation Facilities %,Age of Mother,Birth Rate %,Female Literacy Rate %
2015,Lithuania,31,24,122642,93,2,63,5.7385,1,63,94,34,3.939,78.72
2025,Brazil,89,96,165890,15,83,31,4.5656,94,72,56,14,4.492,68.3
2024,China,49,88,142512,7,87,12,5.6161,11,73,12,48,5.731,99.273
2016,Botswana,28,33,31126,37,82,34,12.1896,62,78,91,16,3.965,7.443
2020,Japan,65,45,121055,9,72,30,7.2762,19,79,94,37,5.104,35.045
2018,Russia,38,75,42910,49,80,6,6.1603,77,62,99,47,1.351,6.974
2016,United States,74,55,56278,72,80,87,14.6801,48,46,82,38,5.99,38.785
2024,Poland,26,72,11205,78,40,93,5.3646,68,98,74,50,1.597,82.663
2026,Philippines,74,42,124730,72,28,21,13.1013,61,37,37,13,1.587,77.502
2025,Poland,43,35,92721,19,30,11,11.8433,94,24,17,47,3.561,55.668
2019,Portugal,38,67,110020,89,9,97,9.249,6,43,60,13,1.902,41.474
2030,Indonesia,71,40,2505,31,19,22,7.7708,32,77,7,45,5.52,10.47
2028,Syria,97,19,141643,56,45,33,8.9861,38,92,39,17,4.257,20.033
2020,United States,81,66,116278,91,39,55,11.1559,58,25,18,35,6.007,29.514
2026,Paraguay,20,79,19127,6,21,56,12.988,6,88,99,22,2.223,34.547
2019,Bangladesh,18,81,112680,73,96,77,8.7999,73,81,86,23,5.692,6.343
2027,China,51,59,199939,52,59,90,9.5184,66,21,82,33,3.474,4.394
2028,Philippines,59,60,119752,38,57,59,11.8578,36,100,0,50,5.358,38.106
2026,China,94,93,178107,14,63,11,11.9957,49,71,2,34,2.221,47.879
2024,Indonesia,82,82,186391,37,47,7,3.7044,14,54,71,37,5.499,39.811
2020,Indonesia,88,44,158558,78,45,98,3.4827,25,32,62,25,2.057,9.018
2025,Philippines,63,77,187479,3,100,69,3.9392,73,38,63,33,1.681,72.682
2026,United Kingdom,99,47,166437,82,98,67,12.068,3,26,83,18,4.714,23.465
2025,China,30,88,61699,24,26,6,8.1335,22,99,40,17,2.711,75.646
2026,China,54,97,10884,25,63,57,9.6973,14,15,47,14,4.443,18.878
2025,Indonesia,58,79,59569,70,33,29,13.1264,1,98,53,43,4.211,58.241
2017,Sweden,85,37,134225,58,1,33,9.5771,63,10,48,36,3.701,56.218
2029,China,7,22,176024,99,74,93,9.3294,24,64,56,49,1.824,65.18
2022,China,99,0,179916,94,76,37,3.1151,56,34,54,32,6.394,99.495
2027,Norway,43,95,3581,90,83,16,12.131,18,23,40,24,1.187,65.538
2025,Ukraine,40,55,123669,65,46,63,7.6537,10,37,8,45,1.979,3.872
2026,Sweden,76,55,70923,29,61,4,10.9016,2,58,99,17,1.313,23.413
2030,China,77,81,56074,65,48,17,8.6628,100,14,86,46,3.399,17.864
2027,Indonesia,98,76,131876,10,64,75,13.073,51,54,34,14,6.097,56.446
2026,Argentina,41,75,76307,84,89,58,12.5818,65,26,24,40,1.028,64.66
2023,Sweden,22,85,79406,12,4,45,14.4382,29,95,47,27,4.148,97.875
2026,Iran,59,7,120403,49,29,27,11.2938,45,99,77,14,6.957,87.232
2030,Portugal,16,85,92249,65,70,91,10.2392,94,12,97,24,6.587,51.516
2027,Czech Republic,93,52,49742,37,61,71,14.5524,53,31,25,28,4.594,96.529
2015,Albania,52,37,27111,8,75,63,7.1114,55,90,51,40,1.607,98.927
2022,Japan,24,76,18904,66,96,92,11.2214,80,40,77,37,1.029,28.936
2020,Albania,98,53,64751,76,57,95,11.6478,49,51,46,46,2.068,52.361
2017,Philippines,20,79,42587,10,10,52,12.4542,65,93,27,14,1.402,86.775
2017,Angola,39,61,79756,75,56,21,3.8645,17,59,25,22,2.784,74.499
2029,China,39,80,152948,98,63,15,5.253,28,36,14,15,1.664,60.897
2026,Portugal,69,35,161604,53,52,65,4.7371,96,20,42,40,2.363,19.651
2024,Japan,54,6,126199,43,37,60,9.0011,63,43,15,23,2.446,12.61
2020,Costa Rica,33,96,70728,74,89,29,5.0114,59,70,100,25,4.868,39.082
2020,Argentina,34,48,81804,81,82,38,14.097,42,25,27,40,5.499,10.631
2021,Indonesia,94,84,87630,5,19,66,6.5846,57,31,88,25,2.172,83.431
2018,China,41,93,176301,48,82,100,12.5022,64,67,64,28,1.622,49.312
2029,Poland,85,68,73001,52,14,36,8.2057,5,73,82,31,3.81,98.701
2025,Brazil,68,64,117398,36,44,83,5.8786,56,13,29,20,4.221,12.759
2015,China,62,10,8800,64,77,100,4.4815,58,52,8,44,3.729,59.759
2024,China,4,17,16699,99,71,7,7.7273,27,21,18,50,2.524,40.349
2015,Georgia,67,36,72150,50,22,5,9.2895,16,57,58,25,5.238,29.293
2028,Cambodia,51,40,77632,8,48,84,12.2426,53,22,43,18,2.121,95.594
2023,Uganda,3,41,34336,80,95,63,13.4024,71,53,96,35,6.63,37.548
2017,Serbia,36,40,107924,50,96,4,11.6135,44,37,23,14,4.943,85.386
2025,Poland,69,97,54809,1,82,28,10.6673,42,90,72,19,3.89,99.297
2018,Haiti,36,57,171372,88,57,28,7.1001,45,23,73,50,4.765,77.695
2016,Morocco,25,34,46024,7,96,16,9.6577,13,17,49,37,1.746,74.742
2020,Mongolia,63,79,10557,25,89,49,8.1903,77,21,70,16,3.207,72.21
2028,Russia,18,72,182795,32,19,71,8.5122,24,90,74,13,4.442,44.641
2024,Indonesia,75,72,199238,8,45,21,11.0048,36,11,65,36,3.472,45.774
2020,Finland,89,13,67537,87,36,16,5.0646,45,92,16,49,5.584,31.067
2030,China,95,85,152140,52,54,44,14.8965,45,100,77,25,6.584,95.609
2018,China,67,51,108064,16,99,90,5.7319,61,13,28,18,1.682,76.858
2026,Czech Republic,80,95,180634,35,91,4,13.0635,83,56,64,41,5.339,50.288
2016,Guatemala,85,15,98261,24,12,71,7.606,90,90,41,15,1.431,57.988
2017,Brazil,59,81,67679,95,54,62,7.6581,22,92,86,27,1.292,70.582
2027,Portugal,88,83,161188,50,59,16,13.5681,14,95,1,21,4.265,98.352
2024,Japan,82,76,65580,27,80,15,9.2082,16,34,23,21,1.895,75.457
2024,Greece,64,66,49061,65,2,67,5.0448,69,76,8,40,1.072,27.841
2016,China,96,60,169420,27,92,45,6.4426,97,57,57,19,2.565,59.891
2023,Russia,66,5,196476,77,11,1,8.3176,81,56,24,31,5.087,22.435
2020,Ivory Coast,1,1,97319,53,96,35,14.9825,92,54,53,14,4.088,41.179
2018,Colombia,41,45,32250,15,96,16,13.9836,79,74,87,34,6.817,93.004
2026,Indonesia,81,11,195743,22,100,96,7.7418,69,30,66,24,6.48,61.626
2030,China,100,89,118291,15,4,67,11.767,48,79,63,19,1.293,10.476
2024,France,98,49,22711,96,30,76,13.4536,48,86,30,21,2.689,49.227
2017,Colombia,32,86,60838,43,60,62,8.5609,16,63,62,49,3.485,37.659
2025,Tanzania,26,79,98727,73,71,65,6.6214,26,41,70,33,4.159,88.565
2019,Portugal,13,95,138438,63,64,12,6.56,45,79,2,24,5.134,17.9
2026,Croatia,11,65,145641,72,44,94,7.0579,47,57,89,30,3.663,35.313
2018,Philippines,74,25,80213,5,83,50,14.1263,54,18,16,37,3.687,90.371
2017,China,84,19,10091,11,63,48,6.5883,22,61,30,36,3.785,89.985
2020,Madagascar,71,16,123439,66,81,28,7.174,76,33,8,27,3.3,18.346
2024,China,24,42,109269,5,81,31,8.079,83,61,83,24,1.855,26.387
2017,Indonesia,69,32,135665,79,91,85,12.1152,97,48,1,36,6.745,69.283
2026,China,34,87,135640,23,65,100,10.5875,92,54,76,18,1.523,1.815
2021,U.S. Virgin Islands,66,62,187671,55,22,50,6.6161,11,73,97,32,5.694,78.926
2020,Ethiopia,7,79,16947,53,30,54,6.5073,41,78,86,29,1.437,56.073
2028,Russia,65,32,97160,52,60,8,9.4064,64,57,0,47,6.459,17.203
2016,Indonesia,48,14,3266,47,37,76,3.31,50,36,25,32,2.479,45.644
2024,Indonesia,18,43,84117,67,64,53,12.0151,55,50,16,49,3.743,44.912
2018,Nigeria,54,69,157805,81,90,55,6.5923,65,99,3,42,1.808,31.004
2028,France,65,53,20913,46,33,92,6.3378,23,68,13,48,1.964,56.961
2025,Ukraine,63,14,41858,3,68,99,8.7018,84,52,7,23,2.052,67.422
2018,Brazil,30,95,43982,29,31,27,5.2597,7,29,36,44,2.579,61.557
2027,Philippines,30,91,66282,2,25,83,5.2467,41,80,20,30,2.737,2.543
2026,United Kingdom,99,83,58632,16,98,58,7.3328,24,31,28,25,6.776,69.803
2017,Pakistan,76,18,97616,76,90,55,4.9415,38,67,77,14,3.472,65.14
2023,China,64,53,9309,95,63,71,11.3653,45,45,36,36,2.497,0.59
2019,Indonesia,78,36,146503,20,79,61,12.3161,50,85,72,19,2.156,85.22
2027,Chile,83,82,66528,11,36,77,10.69,79,64,27,25,6.515,94.592
2021,China,71,60,176554,19,54,40,4.3839,6,23,51,23,5.477,90.202
2019,South Africa,3,76,6768,44,13,54,12.3644,50,90,17,42,5.72,52.963
2020,Iraq,59,58,108752,82,44,79,3.3103,58,66,15,25,3.861,31.702
2024,Indonesia,2,5,6129,11,98,28,8.1128,16,74,3,45,4.593,16.149
2028,Czech Republic,85,23,143701,64,79,66,4.7038,15,47,48,17,3.307,88.115
2026,Poland,39,90,75020,14,96,23,9.0054,14,74,45,21,5.608,77.514
2027,France,39,16,77529,11,74,86,11.9341,71,75,8,39,3.352,76.114
2030,France,93,76,136683,59,92,3,13.4322,82,79,98,40,6.374,64.499
2021,Portugal,66,27,171457,99,4,21,3.1909,2,11,82,43,4.294,45.224
2016,Finland,98,21,48091,21,46,24,10.4692,48,43,84,38,2.765,76.305
2022,Greece,98,51,112768,17,35,52,5.632,93,39,40,38,5.532,33.668
2015,Serbia,61,73,28445,65,86,43,10.6974,34,29,19,47,1.784,88.994
2023,China,2,69,160025,71,54,70,12.9474,27,45,62,46,1.094,0.225
2026,China,69,52,42027,95,8,74,10.785,7,16,14,47,1.542,19.546
2023,Russia,3,36,192770,98,13,36,10.3314,5,74,65,28,6.673,21.926
2030,Poland,67,15,170706,19,89,55,10.9085,94,11,36,23,5.958,86.533
2020,Brazil,38,76,173856,56,62,100,9.1917,77,76,85,24,1.446,76.771
2023,China,51,42,36894,93,43,26,8.9217,56,50,41,16,4.077,78.037
2028,Indonesia,45,77,44584,24,49,53,12.2071,39,45,5,18,5.054,2.004
2017,France,36,20,152293,56,81,85,6.293,24,96,24,23,4.785,90.474
2021,Russia,96,24,50491,43,96,4,5.2506,22,64,4,22,4.9,94.967
2023,Indonesia,93,99,75397,45,22,37,3.7181,50,33,6,39,4.02,41.435
2027,Argentina,37,25,117560,98,40,17,14.7651,35,33,92,33,5.651,44.229
2023,Namibia,11,76,164204,91,87,80,3.382,48,46,16,43,5.478,68.756
2017,United States,45,35,63713,54,28,78,8.8533,76,89,25,13,5.93,44.793
2028,Indonesia,20,16,74155,16,47,7,14.8805,67,67,48,38,4.292,62.861
2015,Vietnam,83,91,158153,33,76,28,14.2655,64,43,85,32,3.569,94.936
2018,Sweden,68,84,35566,32,72,9,4.6846,75,42,88,50,1.497,33.185
2018,China,66,89,93251,85,85,10,6.3699,79,19,67,15,1.586,95.89
2026,Serbia,36,75,153967,11,98,38,3.6765,20,92,58,32,3.745,97.19
2023,Afghanistan,21,98,188967,66,71,3,13.0288,96,21,98,33,4.114,35.691
2018,China,77,10,13572,75,68,71,6.5559,65,63,51,38,1.673,16.723
2028,Finland,19,19,194165,99,93,14,5.2865,76,79,46,17,2.686,20.825
2026,Indonesia,69,37,170421,58,73,7,12.2013,62,38,0,50,6.903,28.77
2023,Laos,53,82,141001,65,24,61,7.2836,60,78,63,14,3.206,53.602
2019,China,78,29,172089,41,26,26,3.9561,95,74,24,15,5.975,81.618
2023,China,84,83,96513,75,95,99,10.141,12,40,53,27,1.532,90.111
2027,Japan,94,53,97650,96,2,56,14.585,1,69,67,47,1.746,94.879
2024,Indonesia,94,20,8805,99,98,79,8.371,85,35,26,21,3.727,37.095
2021,China,79,10,131829,31,48,81,7.9014,63,72,90,33,5.425,23.327
2024,Canada,74,53,111917,7,9,20,13.2954,43,41,67,43,3.674,26.935
2027,Grenada,82,45,179651,72,22,58,9.8941,84,44,35,44,5.254,78.416
2019,Portugal,17,6,45805,5,52,38,12.6289,89,29,59,36,1.951,13.629
2015,France,91,15,43795,70,26,80,8.3762,58,66,65,46,4.867,74.949
2018,Panama,53,6,100621,11,34,70,8.5929,25,15,14,44,2.884,43.146
2022,Indonesia,63,36,135286,68,93,39,13.3242,50,88,27,25,2.44,41.594
2030,China,3,64,43935,32,1,20,3.4219,91,61,28,31,3.784,89.465
2018,Barbados,72,13,134189,31,29,20,6.0259,7,42,75,45,4.781,18.901
2025,Bangladesh,30,5,119352,37,45,57,5.1028,0,54,68,16,6.301,15.518
2024,Brazil,74,16,160147,6,36,84,6.0898,45,38,98,47,1.502,24.247
2019,Indonesia,74,73,101439,85,61,12,13.167,8,97,5,23,1.679,13.049
2024,Guatemala,77,87,19389,27,44,69,11.1031,86,65,73,17,3.092,19.282
2030,China,24,24,187302,27,88,7,3.9448,43,17,70,49,5.489,81.127
2017,Spain,94,64,110066,16,98,79,10.1445,15,15,75,27,5.971,45.858
2024,China,23,63,32284,1,51,60,7.93,44,58,28,40,3.484,25.435
2028,Argentina,40,95,74043,78,99,29,5.4334,45,81,63,14,6.291,67.063
2024,Indonesia,87,31,82292,58,6,65,8.7887,49,100,98,16,3.191,83.213
2019,Colombia,67,89,6573,41,17,35,9.949,5,27,49,44,3.16,91.516
2016,Mexico,27,85,111273,96,50,64,4.3599,84,73,58,40,5.235,50.087
2023,Ethiopia,8,64,184477,37,2,64,9.088,57,58,64,37,2.866,99.372
2018,Zambia,100,84,14056,21,67,1,14.185,86,48,43,50,6.818,71.699
2018,Netherlands,84,13,38617,35,15,11,8.2424,51,37,85,22,3.317,53.684
2027,Indonesia,27,100,71990,71,68,22,7.2956,39,95,2,28,6.611,24.753
2027,Indonesia,70,62,149890,99,63,71,11.9661,70,87,37,23,1.323,6.99
2025,Portugal,66,93,94638,81,68,79,8.554,26,25,81,29,4.44,25.188
2026,Jamaica,74,90,125950,26,48,10,10.5318,97,93,68,25,1.54,82.34
2022,Philippines,8,51,141484,60,11,1,7.4591,88,55,76,44,3.585,19.554
2022,Ukraine,76,74,150591,62,0,7,10.9612,28,34,23,32,5.468,95.984
2030,Philippines,89,43,6160,55,86,29,6.5131,31,35,79,29,5.267,70.555
2026,Portugal,76,72,78084,0,2,7,14.6297,79,71,55,27,6.758,43.252
2019,China,22,37,188871,13,83,69,4.8336,39,89,38,29,5.607,4.655
2025,Portugal,66,85,124340,47,90,78,5.1686,10,59,20,37,2.957,24.821
2030,Russia,33,14,163355,26,53,28,13.7019,15,64,34,36,6.742,98.756
2026,Philippines,26,88,181727,0,47,61,12.0149,95,45,86,23,4.902,95.602
2025,Portugal,62,55,151234,42,73,1,13.1784,23,58,74,36,6.425,58.286
2021,Portugal,7,4,136386,35,90,48,14.2497,49,69,11,50,4.138,56.845
2022,China,23,23,108382,1,70,76,6.5328,31,20,22,36,1.138,9.591
2024,China,72,45,115492,5,54,47,9.9508,91,79,43,33,3.132,49.659
2017,Indonesia,23,2,39723,88,19,5,5.8383,39,67,12,28,3.362,18.469
2030,Poland,80,51,18819,98,89,6,4.7313,75,75,27,50,5.484,62.115
2021,Venezuela,86,83,131016,30,17,7,13.4711,27,37,100,14,1.676,79.668
2018,Bhutan,54,20,157188,33,74,10,5.777,60,65,8,31,5.807,43.556
2029,Japan,4,45,79782,61,10,80,11.1034,91,47,75,15,3.843,85.844
2028,Russia,86,71,178777,2,7,7,14.8702,3,11,15,18,2.609,71.062
2025,Saudi Arabia,54,87,100645,18,28,12,3.9606,56,72,69,21,5.493,80.897
2029,Bulgaria,34,5,73309,7,2,56,8.2462,50,34,34,27,3.703,39.333
2023,Portugal,22,61,47025,39,31,70,6.7152,16,95,6,16,3.113,94.915
2029,Canada,15,61,60109,85,37,60,14.844,72,74,10,32,2.841,75.428
2028,Indonesia,33,79,140749,31,57,35,8.7463,17,25,69,43,5.945,66.437
2023,China,24,76,59754,82,69,34,7.3255,87,36,54,22,3.116,83.226
2018,China,60,56,105494,28,20,48,6.3217,45,53,47,48,1.818,70.371
2016,Argentina,60,60,194802,60,84,40,6.4983,51,53,43,37,3.449,15.373
2023,Ukraine,89,13,147855,24,99,97,7.0832,7,99,8,30,5.351,34.722
2023,China,98,75,161620,56,59,100,8.5034,50,44,39,32,3.9,56.778
2023,Samoa,52,11,90861,15,81,72,10.729,53,93,16,38,2.626,52.775
2023,Hungary,69,84,124502,13,45,64,12.7299,18,27,28,15,1.253,78.427
2025,Senegal,8,96,151833,62,18,18,3.3317,64,25,32,17,1.284,54.589
2022,Indonesia,44,57,107500,13,72,94,11.537,18,37,78,24,3.212,95.85
2027,Indonesia,35,88,88624,91,1,70,12.3383,29,57,94,18,1.143,56.633
2030,Russia,91,82,174899,80,11,80,13.7554,19,15,10,30,6.971,30.299
2022,China,74,76,138768,57,66,46,5.5414,53,78,39,49,6.023,32.935
2019,Poland,79,97,70290,26,48,32,3.0337,9,20,39,33,2.776,67.573
2019,Thailand,70,80,198031,35,82,36,7.657,51,82,20,33,5.072,37.668
2016,Argentina,11,13,139159,63,24,49,10.9436,86,93,59,13,4.179,22.527
2018,Azerbaijan,31,35,150523,21,54,45,14.713,29,95,97,29,2.55,51.054
2025,Poland,88,20,82145,94,2,48,6.8311,64,45,90,44,4.802,82.312
2029,Thailand,20,9,182011,65,41,92,11.6587,64,36,70,23,5.256,36.658
2024,Czech Republic,37,71,89508,23,56,72,8.6422,61,30,26,19,3.117,7.305
2021,Nicaragua,82,98,28304,23,43,9,11.4262,71,81,62,50,3.82,43.735
2017,China,38,39,148827,40,51,59,8.7558,67,48,30,37,6.079,63.474
2027,Ukraine,9,58,178012,21,67,70,8.2456,96,23,95,30,4.288,91.318
2026,China,50,92,157511,67,89,95,10.473,85,90,58,43,1.883,92.467
2019,Indonesia,64,77,1249,4,100,37,8.0826,74,39,98,30,3.765,62.411
2015,China,50,77,89017,46,80,52,4.8148,80,62,74,15,4.606,4.728
2027,Poland,75,67,102500,45,6,27,12.5499,11,81,20,32,2.415,92.271
2024,China,4,2,187118,55,69,59,3.6532,15,86,40,29,2.971,3.598
2024,China,90,27,176849,69,74,4,4.068,58,38,16,49,6.107,39.67
2019,China,15,76,147603,4,77,0,10.6707,56,10,73,40,4.482,43.736
2026,Poland,17,87,89347,24,29,48,11.9616,79,53,11,15,5.363,16.939
2021,El Salvador,56,0,7923,70,41,91,14.7906,91,87,82,48,2.614,50.769
2019,Serbia,93,8,56156,21,76,39,13.7185,19,54,6,19,5.861,81.926
2026,France,14,75,116043,40,70,43,4.5813,74,67,25,46,6.502,33.853
2019,Bangladesh,19,32,198143,37,50,18,8.7323,5,98,77,48,6.851,43.048
2028,Philippines,70,29,12674,39,42,55,7.7002,48,12,7,44,4.13,31.759
2021,Philippines,42,45,69290,23,12,13,8.8649,48,29,33,23,2.289,80.512
2027,China,27,89,137227,50,63,59,14.746,58,44,25,35,6.095,88.102
2018,Venezuela,36,64,163265,83,61,14,6.6916,20,76,36,48,4.795,80.569
2027,Russia,51,55,23256,8,16,98,7.3465,69,29,71,47,3.272,91.943
2028,Russia,30,86,96151,9,90,83,9.3989,16,34,68,33,4.55,51.378
2018,Russia,65,33,146891,67,57,91,13.7382,92,12,11,24,5.482,82.672
2019,Sweden,62,52,169479,8,25,91,12.0656,37,51,50,20,4.682,59.984
2023,Kyrgyzstan,50,33,128911,43,55,53,7.535,54,91,96,33,1.257,21.206
2026,Philippines,82,87,73934,76,63,34,8.5117,75,87,56,22,5.735,98.978
2019,China,12,28,77328,43,63,15,7.709,86,94,98,43,2.29,67.301
2021,Mexico,28,60,55231,25,89,3,8.4789,27,72,90,20,1.563,18.71
2021,Sweden,27,0,130079,26,27,42,12.3217,90,11,5,20,3.912,96.635
2028,Portugal,92,75,99267,96,3,24,5.8154,90,57,75,19,6.626,50.913
2017,Russia,53,95,117722,59,21,20,3.979,90,56,88,22,1.704,67.201
2022,Sweden,41,71,123814,17,62,74,10.0334,86,41,79,16,6.163,72.367
2025,Sweden,61,84,153951,17,45,33,13.2689,72,58,94,34,5.742,73.336
2023,China,18,2,98683,25,11,24,12.0803,52,84,44,42,5.894,79.485
2022,Philippines,41,19,15959,20,42,71,6.0935,71,22,64,39,3.774,90.989
2024,Iraq,17,16,82984,3,59,64,11.9721,57,96,37,27,5.08,77.51
2027,Indonesia,86,34,65487,20,93,31,8.0496,73,75,45,47,5.863,10.432
2024,Iran,93,22,159899,50,13,3,6.4423,59,43,72,18,1.2,39.755
2020,China,22,89,74700,95,8,47,6.0456,48,45,32,13,2.045,52.182
2028,Canada,100,90,193285,29,78,57,7.5209,48,18,93,44,5.428,62.915
2019,Indonesia,21,68,81874,42,85,55,4.397,96,42,65,17,6.196,28.386
2015,Sweden,45,92,26566,20,50,49,13.1239,68,45,86,16,5.773,25.601
2028,Czech Republic,24,24,75233,4,53,48,6.2795,61,52,99,40,2.652,6.481
2015,Yemen,63,76,140857,22,42,22,4.5137,95,31,47,23,3.518,97.794
2030,Slovenia,38,5,82762,99,46,3,9.8693,69,37,54,27,3.502,5.883
2023,Senegal,86,22,72663,31,99,3,7.1157,87,61,17,17,4.179,18.575
2016,South Korea,74,74,75488,68,37,28,10.4436,59,33,33,18,4.636,49.047
2028,Dominican Republic,46,54,135004,21,10,27,11.0259,72,99,38,24,6.675,93.251
2026,Sweden,50,62,32924,92,19,97,3.7549,25,40,10,34,1.143,68.757
2024,Ethiopia,44,11,170078,99,100,50,4.6761,40,86,48,47,2.917,60.249
2021,Sweden,19,76,194349,12,37,69,8.6454,67,24,61,16,3.135,84.169
2029,Portugal,54,16,27056,49,66,46,9.1402,23,74,34,38,3.76,19.373
2021,Czech Republic,10,9,114035,95,30,83,7.6853,24,42,84,27,5.926,62.726
2017,France,66,45,194313,33,77,37,12.7929,18,65,87,32,3.619,49.91
2028,Thailand,75,65,154373,38,53,19,6.3966,79,16,99,42,1.488,96.892
2018,Indonesia,98,94,51104,11,9,26,4.9974,66,83,5,21,3.112,61.68
2022,Czech Republic,2,85,29021,85,57,45,7.8308,69,79,22,13,5.354,37.871
2020,Indonesia,63,88,75155,41,32,23,8.8435,35,51,86,23,1.454,80.97
2021,Russia,32,87,34037,0,48,94,11.214,97,59,69,38,5.261,12.252
2023,United States,73,100,172419,98,76,49,4.8389,97,78,6,33,5.372,91.901
2022,Indonesia,21,49,196532,23,45,32,12.6153,55,39,4,19,5.017,76.95
2026,Vietnam,80,13,81183,6,28,85,9.9662,74,72,16,23,1.241,52.115
2028,China,39,69,100203,53,18,59,8.4386,30,74,8,50,4.314,31.704
2025,Poland,48,38,37284,9,37,65,8.9387,71,46,72,38,6.815,15.791
2030,Austria,88,100,46031,52,85,49,7.1901,77,62,68,36,2.089,57.168
2016,Czech Republic,49,3,107937,85,95,65,12.488,7,72,38,20,5.215,12.728
2020,Peru,19,1,121790,94,39,78,10.2771,78,64,19,41,1.534,5.873
2030,China,49,31,175613,83,58,96,13.9948,13,29,29,18,6.872,44.72
2017,China,32,56,35905,36,13,41,11.6551,25,100,19,27,2.373,51.633
2020,Guatemala,63,39,125674,94,67,21,8.8801,26,29,66,45,5.429,54.241
2017,Indonesia,14,30,171984,41,37,35,14.4155,47,26,6,23,6.093,8.609
2021,Russia,80,74,61851,29,48,60,13.4794,7,89,46,31,1.004,21.946
2025,France,6,73,194073,12,9,38,13.3061,27,97,59,33,6.396,25.351
2027,China,79,81,157950,43,90,34,3.6244,58,88,64,39,3.236,24.546
2028,China,17,16,21039,22,97,84,3.5256,83,88,18,40,5.217,10.941
2021,Sweden,43,84,52787,12,75,51,6.2653,69,91,4,35,1.006,32.289
2017,Philippines,91,1,184357,16,86,33,8.5732,43,36,68,13,2.213,10.657
2015,Antigua and Barbuda,85,67,58615,24,82,90,11.5179,59,14,56,25,1.148,67.498
2017,Sweden,81,45,118415,29,59,56,3.6197,32,44,2,13,3.792,33.03
2026,Afghanistan,22,29,172511,30,54,41,11.947,54,84,82,18,4.565,75.198
2026,Indonesia,85,38,124580,10,88,38,3.1491,64,71,90,49,2.437,99.538
2021,France,41,98,42030,13,40,67,3.8342,79,97,62,30,1.474,30.77
2030,Czech Republic,78,2,155695,59,8,22,13.2272,94,38,89,15,5.018,51.884
2025,Serbia,97,55,136516,19,72,5,5.2857,48,26,88,41,2.958,99.974
2015,Kenya,68,93,187770,14,66,55,14.8587,45,89,91,45,2.712,59.753
2018,China,22,78,6484,19,26,75,8.8366,97,65,0,35,2.787,42.535
2019,Argentina,43,32,115153,33,44,30,6.8744,31,74,44,17,6.5,59.794
2018,China,9,9,17650,35,66,77,12.3718,68,37,4,44,4.259,0.961
2023,Portugal,62,64,118869,30,9,91,5.7415,33,70,31,15,5.86,90.766
2022,Russia,27,64,38213,2,47,71,8.2072,76,38,35,20,5.253,91.511
2018,Poland,20,47,138733,87,12,14,12.595,49,57,11,33,2.167,34.277
2020,Egypt,34,31,46082,62,56,55,7.216,2,46,26,44,2.262,16.079
2029,Ukraine,22,37,81764,32,69,99,5.9025,9,49,65,36,4.256,33.9
2027,Mexico,87,82,147086,27,48,6,8.1524,18,16,10,42,6.279,8.554
2030,Ukraine,22,32,19213,10,94,59,8.3376,93,29,29,30,5.511,15.016
2017,Peru,57,54,167739,53,13,25,10.9458,96,85,98,46,6.927,80.08
2015,China,97,27,82853,70,62,80,12.4487,93,86,79,25,3.041,82.737
2015,Togo,90,52,147455,90,96,13,6.0666,79,66,13,50,1.469,76.899
2017,Sweden,52,10,92318,58,82,86,12.8803,71,36,90,47,6.24,82.975
2029,Japan,26,83,15400,26,14,61,7.8421,26,83,99,49,5.705,50.757
2016,Philippines,96,42,128419,59,61,17,3.6338,98,50,91,39,2.758,25.929
2022,Nigeria,53,24,112720,85,94,85,4.5092,33,25,68,41,6.847,15.367
2024,Indonesia,56,0,99564,34,60,17,3.2721,34,68,78,35,2.731,83.691
2020,United States,59,65,20157,90,95,8,5.4147,27,29,36,36,5.562,25.488
2015,China,64,34,7369,86,26,71,10.1176,58,55,28,39,4.865,53.196
2025,Russia,78,91,123932,18,1,68,11.119,54,98,51,45,5.757,23.868
2020,Chile,29,83,187504,37,87,73,5.026,79,55,61,25,1.987,51.38
2025,China,52,79,65583,91,77,64,3.832,10,50,84,39,2.355,64.248
2030,Malaysia,44,41,42249,83,93,97,9.9962,32,99,78,48,5.195,45.035
2030,Canada,96,42,27677,80,42,6,12.1128,8,66,7,29,6.49,54.418
2030,France,31,34,15056,14,50,60,5.1348,65,19,56,50,2.959,54.731
2023,China,2,61,25578,85,50,0,12.9782,58,98,14,37,2.242,85.495
2021,Ukraine,70,32,73497,52,56,32,6.214,69,27,14,20,6.521,67.144
2016,China,11,61,87847,16,85,78,7.2722,97,68,42,40,3.209,36.631
2018,Yemen,66,69,180846,30,65,24,12.191,86,85,73,30,5.808,63.291
2017,Guatemala,66,48,174899,86,16,71,4.0538,20,78,77,21,1.928,52.287
2024,Greece,54,11,18534,1,9,63,3.3354,16,12,39,28,5.559,32.336
2016,Vietnam,10,93,106927,87,87,57,6.5782,45,27,77,25,3.58,5.799
2021,Ivory Coast,74,52,40563,95,33,76,3.9633,0,67,65,24,1.922,32.845
2023,Indonesia,37,29,197763,80,49,74,3.0198,58,91,47,39,6.113,90.864
2029,Singapore,18,48,18150,28,13,28,9.5118,4,30,26,30,5.201,16.416
2023,Indonesia,89,93,127976,64,20,49,4.8471,56,93,92,50,4.125,55.686
2030,China,4,53,115479,98,4,87,5.5859,99,65,92,35,3.181,93.429
2030,Indonesia,90,76,190099,35,84,32,6.3663,31,13,39,16,4.625,51.508
2025,Indonesia,24,39,46839,11,80,91,7.7728,78,74,69,45,1.165,75.806
2025,Russia,32,1,157359,75,47,39,7.2427,51,73,13,49,2.956,88.835
2015,China,57,63,155447,19,70,4,5.0248,57,92,66,48,3.602,84.132
2024,Croatia,74,40,157778,100,88,8,14.5927,33,83,77,27,3.444,45.747
2028,Indonesia,9,33,39352,77,95,15,10.5376,89,38,52,49,3.085,24.356
2019,Armenia,21,48,89203,3,95,62,10.7956,23,19,41,34,4.552,60.141
2027,China,60,82,18252,14,3,100,7.2178,72,60,18,19,4.651,74.45
2015,Czech Republic,2,5,1544,54,68,80,11.1466,47,32,43,29,6.694,69.474
2020,Russia,50,8,111361,42,29,33,11.0767,95,40,15,47,1.089,5.199
2019,Japan,73,8,182564,73,22,15,10.0958,22,72,84,48,5.735,19.338
2015,China,32,77,151652,77,39,95,4.4544,51,90,63,21,2.255,24.262
2030,Argentina,36,95,101739,23,49,17,7.5359,39,76,64,20,4.051,92.427
2026,Philippines,71,64,198877,99,49,39,8.6129,25,59,80,35,4.139,45.768
2021,Brazil,12,15,56951,26,43,65,14.7109,14,15,23,13,3.46,83.566
2017,Sweden,19,24,138202,23,64,91,6.2099,31,81,35,48,3.158,9.273
2019,China,26,31,9114,81,84,82,11.5311,95,61,95,41,2.97,43.769
2029,Madagascar,6,39,116270,12,71,47,12.598,33,81,91,22,4.161,1.463
2029,Mexico,48,100,144876,16,42,6,11.6442,86,13,96,34,4.68,47.622
2017,Botswana,57,26,80756,45,60,94,11.2668,70,94,37,20,6.104,53.691
2027,China,20,47,29206,37,86,66,4.6281,89,21,20,28,6.801,71.829
2025,France,8,100,41086,22,76,27,14.32,62,63,10,31,1.934,73.787
2026,Saudi Arabia,91,78,31908,90,9,39,12.0386,83,42,29,24,3.996,57.257
2023,France,40,97,129786,77,43,51,10.184,99,43,24,29,1.973,75.295
2017,United States,76,35,137528,71,94,72,7.2235,66,93,19,44,5.699,43.783
2020,Indonesia,48,59,100209,74,31,81,14.8424,47,43,11,47,2.923,93.15
2024,Albania,43,10,32799,32,68,0,4.666,1,75,9,21,4.97,72.79
2016,Indonesia,5,21,136213,82,66,46,9.7664,75,70,26,24,5.739,82.153
2026,Pakistan,80,92,142101,53,29,14,12.7755,23,21,42,21,2.047,50.638
2022,Indonesia,44,7,113328,86,96,28,9.3143,54,26,96,33,6.903,28.293
2030,Cameroon,25,27,111209,23,15,5,9.7102,62,52,97,49,4.205,86.066
2017,Guatemala,52,77,152053,35,48,29,7.7114,91,79,48,42,3.238,55.207
2022,Thailand,96,49,36246,13,30,4,12.0169,35,20,38,43,4.049,1.918
2022,Ireland,80,31,162688,25,93,68,14.1521,11,85,5,16,2.502,68.15
2025,Sweden,22,0,64518,38,8,78,12.3543,38,73,13,19,2.112,97.546
2025,Sweden,46,16,132686,59,8,41,10.7103,9,98,79,35,2.3,63.345
2018,Peru,82,44,100569,52,7,31,12.7069,11,84,32,35,6.16,71.206
2018,Belarus,0,92,179183,82,35,36,7.3575,52,18,39,31,6.512,19.101
2020,Czech Republic,46,49,33481,42,93,40,5.3473,2,15,71,20,1.611,18.964
2022,China,45,45,104251,67,83,54,10.0676,39,43,15,16,2.32,80.506
2027,China,11,91,113548,59,64,77,12.2397,65,40,76,41,2.997,17.55
2017,Colombia,89,19,165807,99,30,22,4.6681,74,71,8,38,1.93,69.94
2018,Poland,14,95,179920,39,66,68,9.6792,78,41,4,42,5.377,69.146
2027,Peru,92,75,29691,88,77,3,14.974,42,88,96,31,1.581,98.381
2018,Peru,87,71,20311,3,67,52,5.6454,26,94,23,27,4.255,49.09
2028,Russia,86,11,122651,18,17,45,12.5648,87,47,34,35,4.919,9.002
2021,China,84,64,180615,71,44,8,11.9252,88,19,18,33,6.738,68.768
2023,France,68,34,137110,28,3,26,11.2386,41,51,55,32,6.794,99.159
2026,Peru,40,75,141389,93,28,27,9.5671,78,20,62,33,5.016,21.767
2016,Philippines,26,40,176325,58,8,84,8.4654,51,89,92,22,2.301,5.315
2023,Russia,48,29,15439,95,10,11,8.3587,23,29,37,23,5.339,59.796
2022,Russia,20,90,22621,25,18,57,3.411,14,29,68,49,6.954,51.136
2028,Indonesia,37,0,55724,72,17,50,12.0911,22,22,20,17,2.905,46.291
2022,Colombia,42,51,140957,41,95,90,3.578,18,69,63,24,4.33,46.823
2027,Greece,44,72,150086,36,84,12,5.4908,67,16,19,19,4.797,78.294
2015,China,24,38,100596,92,81,26,11.8753,96,14,56,28,6.345,55.757
2017,Ireland,54,69,47288,1,26,44,14.659,40,46,40,37,2.337,96.023
2017,Guatemala,61,56,172081,87,56,94,6.6299,24,60,75,50,1.824,46.318
2015,Poland,23,4,110884,32,55,72,9.2532,40,39,49,35,4.228,89.907
2024,Jordan,2,40,119129,20,84,6,4.8428,18,12,31,13,3.214,41.82
2019,Sweden,32,57,85058,41,74,13,7.7264,53,15,17,30,6.044,82.241
2027,Philippines,8,92,89294,63,48,82,6.1039,89,26,32,19,3.206,60.265
2021,Mexico,16,96,17717,12,42,51,9.3788,59,17,73,48,1.687,0.125
2023,Russia,15,4,66942,16,85,71,12.6529,78,47,34,23,4.115,50.011
2026,Colombia,46,44,68247,32,11,79,11.8759,90,18,8,44,3.25,65.064
2027,Malaysia,77,59,21341,67,43,34,14.4553,36,10,42,40,6.425,47.308
2018,Macedonia,31,32,165509,68,59,22,11.2589,40,77,61,48,5.283,16.312
2024,Philippines,5,39,134859,36,41,77,10.9934,44,16,58,46,2.061,28.914
2015,Norway,10,87,116025,4,8,64,12.337,80,52,70,49,4.138,58.514
2029,Peru,87,31,20600,91,87,71,7.9616,55,50,17,34,2.071,28.022
2018,China,63,36,151253,3,10,47,7.0953,10,13,71,41,6.026,67.367
2017,Portugal,97,26,41464,1,63,32,12.3093,37,89,6,37,5.067,97.599
2017,China,88,60,184278,59,75,47,5.3492,39,74,25,17,2.857,91.246
2022,New Caledonia,5,85,196905,6,74,42,11.7569,77,53,70,25,2.33,72.813
2030,China,32,62,121973,33,23,98,8.0735,53,95,56,33,6.515,24.038
2018,China,61,75,24573,71,7,87,7.0104,75,16,28,36,2.086,86.146
2030,China,76,28,111146,92,17,19,4.0975,97,45,98,32,2.461,20.625
2017,Russia,2,97,49903,9,61,87,9.4442,98,41,5,39,5.565,57.735
2027,Philippines,79,17,199209,16,18,16,3.4815,56,42,76,23,1.853,3.936
2015,China,69,93,41211,30,57,93,5.3041,65,95,15,27,2.559,24.417
2023,China,34,89,121278,64,49,69,4.4679,20,58,84,40,1.047,5.661
2030,Greece,16,13,73652,24,29,55,9.342,36,48,13,21,5.948,64.271
2017,China,37,92,100448,20,80,90,3.264,31,73,23,50,5.923,92.776
2029,Indonesia,11,89,1354,56,73,20,4.079,55,49,3,42,1.94,7.805
2025,Portugal,80,4,34739,56,91,64,7.7957,65,88,92,50,1.665,62.181
2030,Indonesia,7,77,176054,50,60,38,5.0536,74,78,5,20,4.479,27.715
2016,Indonesia,72,96,131911,67,61,89,5.9316,94,83,80,13,4.6,28.288
2030,Nepal,18,51,123411,70,9,14,7.6441,84,84,4,18,4.713,95.169
2016,Pakistan,78,100,96577,69,3,61,10.9488,54,51,23,25,5.732,16.063
2016,Madagascar,54,70,179497,4,5,19,10.4864,91,67,72,15,3.352,32.871
2019,France,86,61,31255,77,17,92,7.5885,4,97,31,34,3.199,37.986
2023,Peru,18,74,88860,92,49,2,14.7305,4,60,34,32,6.209,10.854
2016,Kazakhstan,47,30,171888,5,4,8,10.0031,89,40,86,14,6.203,16.417
2021,Guinea,2,2,153468,80,96,74,7.5398,25,38,82,17,2.747,15.772
2020,Poland,79,57,191366,2,48,64,7.8523,79,90,96,47,5.043,62.487
2029,Bosnia and Herzegovina,19,22,175550,62,16,78,5.144,74,36,27,21,1.306,1.053
2021,Mexico,37,1,65083,18,16,69,10.1866,34,48,88,50,1.444,22.689
2026,China,44,43,146665,66,54,10,13.4215,25,74,86,34,3.416,67.183
2028,China,51,49,86267,88,87,21,5.3258,57,37,90,31,5.276,93.364
2025,Portugal,13,4,188775,16,20,42,11.7094,96,86,42,44,1.489,84.769
2023,Armenia,58,65,113997,23,90,22,5.3905,90,15,54,20,6.239,5.989
2026,Kazakhstan,59,84,75969,2,3,16,8.4511,6,64,13,35,3.552,69.677
2021,Mexico,56,77,192681,92,32,30,9.6826,17,33,14,13,6.979,79.774
2029,China,58,62,113855,61,94,1,6.4019,32,32,69,26,3.048,64.688
2018,Czech Republic,62,34,87833,15,26,95,5.2921,15,39,55,20,5.6,29.018
2029,Honduras,74,91,156516,45,26,56,5.6096,38,72,31,15,4.149,66.968
2019,Russia,68,77,171000,76,62,49,13.51,80,43,36,18,2.812,43.805
2028,Portugal,96,92,49944,4,22,45,6.6425,57,30,43,16,2.364,69.507
2022,Colombia,17,94,97501,87,94,13,11.5656,66,94,90,29,3.743,45.114
2024,Colombia,48,47,165257,26,18,17,8.8964,91,80,52,43,6.605,62.807
2026,China,41,79,16004,20,87,50,14.7664,98,60,80,15,1.789,92.137
2018,Indonesia,81,47,55149,35,2,67,5.1464,1,12,80,25,2.075,0.422
2030,Portugal,61,51,81817,17,1,51,11.7385,37,35,20,44,3.608,13.367
2016,China,82,62,86702,95,66,33,6.1338,37,44,46,30,4.954,85.682
2027,Sweden,19,28,183579,9,87,74,8.7434,22,75,68,47,1.902,2.652
2021,Iran,7,13,130308,47,26,15,14.9594,57,38,88,14,2.995,37.658
2017,Indonesia,46,28,160557,80,42,29,14.9753,25,38,57,20,5.534,81.262
2028,Argentina,69,18,1811,75,47,96,3.3808,99,57,71,16,2.71,56.111
2029,China,45,81,112841,95,19,95,14.4863,44,39,90,33,3.224,77.901
2026,Philippines,100,66,50746,84,55,60,8.323,78,73,83,33,5.521,16.998
2018,Indonesia,78,57,166409,45,82,45,3.807,2,23,30,46,4.819,87.959
2025,Philippines,25,42,76361,49,66,96,9.3269,86,34,68,32,6.996,28.165
2020,China,17,96,13473,16,68,42,9.7861,11,90,81,46,5.314,14.498
2023,Indonesia,77,69,11495,77,75,0,11.8042,58,64,21,48,6.165,58.263
2022,Philippines,62,7,156191,40,17,3,8.5049,56,69,5,27,3.874,58.592
2022,China,88,93,11940,23,33,60,4.2193,37,87,84,43,6.368,0.998
2030,Malaysia,70,53,53334,19,55,54,13.2968,40,37,33,35,4.219,89.461
2023,Vietnam,23,97,71399,55,78,49,6.9668,82,33,88,14,2.095,1.742
2017,Philippines,31,3,74113,99,38,44,10.5034,73,76,36,32,2.221,13.805
2027,Colombia,80,80,163386,20,12,21,3.2959,89,46,81,16,1.945,11.214
2015,United Kingdom,28,6,105101,43,90,34,6.8447,9,57,28,21,6.569,95.281
2015,Malaysia,41,54,122682,0,25,27,7.5229,25,43,97,22,6.406,38.506
2017,Argentina,20,55,105967,77,24,18,7.9768,38,93,7,38,1.236,33.053
2017,Russia,93,18,94314,19,51,37,13.6729,99,94,46,37,4.23,94.965
2019,China,71,98,147413,92,48,10,6.5957,33,15,35,28,4.82,65.019
2024,Indonesia,78,14,92539,25,86,76,8.3199,1,73,55,14,3.804,62.372
2019,Philippines,55,31,89159,69,53,55,9.6178,2,13,50,42,6.772,75.804
2021,Japan,26,36,179208,20,7,54,8.2529,6,24,60,20,3.819,3.783
2029,Poland,45,32,154370,44,28,65,14.9597,100,58,96,21,4.253,94.174
2026,Belize,83,45,94904,11,43,3,9.469,59,87,32,47,1.063,88.744
2029,China,45,63,189732,30,72,69,5.6469,70,66,37,38,5.753,71.309
2028,Brazil,80,51,149004,25,11,19,12.0579,47,80,19,31,5.964,28.873
2015,Indonesia,7,50,116185,53,16,30,10.5612,31,90,68,20,3.746,7.579
2018,Cameroon,83,28,3513,51,63,84,3.2513,43,40,10,30,6.918,26.405
2027,Indonesia,87,67,159450,97,14,9,12.1528,61,61,8,13,3.143,38.818
2022,Japan,85,54,12699,74,92,93,8.5187,59,68,98,28,5.372,54.818
2025,Ukraine,2,96,136444,93,61,72,4.4512,8,73,80,26,6.72,39.13
2030,Sweden,72,84,99691,68,8,50,13.1073,3,37,56,23,3.222,5.532
2030,Ireland,58,19,23290,1,97,7,13.4681,49,38,43,23,6.059,65.186
2026,China,14,74,44313,28,90,64,6.0279,94,10,88,35,4.763,0.455
2028,Indonesia,100,41,27310,90,71,14,7.7009,18,16,92,21,6.101,61.34
2028,Indonesia,32,76,1092,84,0,62,9.5368,9,69,27,22,1.475,45.285
2018,Peru,85,10,61104,7,90,23,6.076,21,57,84,16,5.795,49.754
2025,Czech Republic,93,39,114244,74,50,86,12.3165,40,20,51,37,4.657,40.552
2028,Indonesia,37,31,50250,52,57,59,10.9604,25,91,37,37,3.524,21.933
2027,China,59,33,190113,19,94,33,7.6043,27,50,20,25,2.279,49.622
2024,Indonesia,51,53,46707,92,94,11,11.9698,59,97,54,13,3.951,79.688
2021,Portugal,31,83,83265,12,80,75,10.558,78,12,76,50,5.142,36.304
2026,Indonesia,17,21,152003,4,62,99,5.3083,59,94,42,29,2.945,58.408
2028,United States,39,94,110950,97,14,32,13.236,15,51,74,34,5.672,86.906
2018,Chile,4,94,61835,36,64,25,6.6545,38,88,88,21,5.066,79.624
2022,China,8,76,22391,0,85,63,13.2759,67,78,27,40,5.84,52.896
2029,Japan,87,15,77424,40,82,13,4.9619,24,75,32,15,3.559,53.981
2026,Chad,37,11,76360,25,65,80,11.5997,98,50,46,36,2.694,51.466
